-- MySQL dump 10.13  Distrib 5.7.28, for Linux (x86_64)
--
-- Host: localhost    Database: Projectsbeta
-- ------------------------------------------------------
-- Server version	5.7.28

/*!40101 SET @OLD_CHARACTER_SET_CLIENT=@@CHARACTER_SET_CLIENT */;
/*!40101 SET @OLD_CHARACTER_SET_RESULTS=@@CHARACTER_SET_RESULTS */;
/*!40101 SET @OLD_COLLATION_CONNECTION=@@COLLATION_CONNECTION */;
/*!40101 SET NAMES utf8 */;
/*!40103 SET @OLD_TIME_ZONE=@@TIME_ZONE */;
/*!40103 SET TIME_ZONE='+00:00' */;
/*!40014 SET @OLD_UNIQUE_CHECKS=@@UNIQUE_CHECKS, UNIQUE_CHECKS=0 */;
/*!40014 SET @OLD_FOREIGN_KEY_CHECKS=@@FOREIGN_KEY_CHECKS, FOREIGN_KEY_CHECKS=0 */;
/*!40101 SET @OLD_SQL_MODE=@@SQL_MODE, SQL_MODE='NO_AUTO_VALUE_ON_ZERO' */;
/*!40111 SET @OLD_SQL_NOTES=@@SQL_NOTES, SQL_NOTES=0 */;

--
-- Table structure for table `GroupsPlantations`
--

DROP TABLE IF EXISTS `GroupsPlantations`;
/*!40101 SET @saved_cs_client     = @@character_set_client */;
/*!40101 SET character_set_client = utf8 */;
CREATE TABLE `GroupsPlantations` (
  `code` int(11) NOT NULL AUTO_INCREMENT,
  `name` longtext CHARACTER SET utf8mb4 NOT NULL,
  `codeProject` int(11) NOT NULL,
  `description` varchar(2048) CHARACTER SET utf8mb4 DEFAULT NULL,
  `dtCreation` datetime(6) NOT NULL,
  `dtUpdate` datetime(6) NOT NULL,
  PRIMARY KEY (`code`),
  KEY `IX_GroupsPlantations_codeProject` (`codeProject`),
  CONSTRAINT `FK_GroupsPlantations_Projects_codeProject` FOREIGN KEY (`codeProject`) REFERENCES `Projects` (`code`) ON DELETE CASCADE
) ENGINE=InnoDB AUTO_INCREMENT=27 DEFAULT CHARSET=latin1;
/*!40101 SET character_set_client = @saved_cs_client */;

--
-- Dumping data for table `GroupsPlantations`
--

LOCK TABLES `GroupsPlantations` WRITE;
/*!40000 ALTER TABLE `GroupsPlantations` DISABLE KEYS */;
INSERT INTO `GroupsPlantations` VALUES (1,'19 - Nord Est Mandala',1,NULL,'2022-03-25 07:40:00.872740','2022-04-23 18:21:54.615114'),(2,'10 - Zone de la grande mare',1,NULL,'2022-04-02 06:45:17.177318','2022-04-23 18:22:39.653391'),(3,'09 - Plage de la grande mare',1,NULL,'2022-04-03 09:14:55.750782','2022-04-23 18:22:44.919737'),(4,'03 - Nord Ouest de la serre',1,NULL,'2022-04-04 19:25:20.471166','2022-04-23 18:18:42.487635'),(5,'08 - Guilde du noyer',1,'Zone gérée par Thomas','2022-04-08 18:13:55.119176','2022-04-23 18:22:49.947630'),(6,'07 - Zone extérieure et clôture Nord',1,NULL,'2022-04-08 18:26:42.757205','2022-04-23 18:22:55.538496'),(7,'02 - Ouest de la serre',1,NULL,'2022-04-08 18:54:11.493111','2022-04-23 18:21:19.796383'),(8,'01 - Nord ouest Mandala',1,NULL,'2022-04-08 19:17:29.576571','2022-04-08 19:17:29.576571'),(9,'G7 - Nord ouest Mandala',1,NULL,'2022-04-08 19:29:51.266051','2022-04-08 19:29:51.266051'),(10,'13 - Ouest Mandala',1,NULL,'2022-04-15 11:25:14.187066','2022-04-23 18:22:24.659023'),(11,'G6 - Ouest Mandala',1,NULL,'2022-04-15 11:25:45.556592','2022-04-19 08:15:44.144516'),(12,'G5 - Petite mare',1,NULL,'2022-04-15 11:34:27.998702','2022-04-15 11:34:27.998702'),(13,'14 - Petite mare',1,NULL,'2022-04-15 11:52:25.422198','2022-04-23 18:22:18.227683'),(14,'16 - Clôture repas',1,NULL,'2022-04-15 19:03:11.396206','2022-04-23 18:22:09.223416'),(15,'17 - Zone entrée',1,NULL,'2022-04-15 19:08:14.563594','2022-04-23 18:22:04.781770'),(16,'G1 - Sud est Mandala',1,NULL,'2022-04-15 19:34:14.497774','2022-04-24 17:57:57.044849'),(17,'12 - Guilde des pruniers et alentours',1,'Zone gérée par Olivier','2022-04-15 19:35:03.289808','2022-04-23 18:22:30.118417'),(18,'18 - Parking',1,NULL,'2022-04-15 19:49:45.073616','2022-04-23 18:21:59.874733'),(19,'G4 - Clôture parking',1,NULL,'2022-04-16 08:01:01.517347','2022-04-16 08:01:01.517347'),(20,'Parcelles',1,NULL,'2022-04-16 08:01:20.343273','2022-04-16 08:01:20.343273'),(21,'11 - Clôture à l\'Est',1,NULL,'2022-04-17 10:07:19.147110','2022-04-23 18:22:34.941626'),(22,'15 - Zone repas',1,NULL,'2022-04-18 07:51:31.145091','2022-04-23 18:22:13.698275'),(23,'04 - Nord de la serre',1,NULL,'2022-04-23 18:23:39.607849','2022-04-23 18:23:39.607849'),(24,'05 - Guilde des cerisiers',1,NULL,'2022-04-23 18:24:11.863427','2022-04-23 18:24:11.863427'),(25,'06 - Nord Est de la serre',1,NULL,'2022-04-23 18:24:27.522074','2022-04-23 18:24:27.522074'),(26,'Parcelle d\'Olivier',1,NULL,'2022-04-28 06:30:12.458896','2022-04-28 06:30:12.458896');
/*!40000 ALTER TABLE `GroupsPlantations` ENABLE KEYS */;
UNLOCK TABLES;

--
-- Table structure for table `PlantationHistory`
--

DROP TABLE IF EXISTS `PlantationHistory`;
/*!40101 SET @saved_cs_client     = @@character_set_client */;
/*!40101 SET character_set_client = utf8 */;
CREATE TABLE `PlantationHistory` (
  `code` int(11) NOT NULL AUTO_INCREMENT,
  `codePlantation` int(11) NOT NULL,
  `dtHistory` datetime(6) NOT NULL,
  `health` int(11) NOT NULL,
  `height` int(11) DEFAULT NULL,
  `span` int(11) DEFAULT NULL,
  `trunkCircumference` int(11) DEFAULT NULL,
  `comment` varchar(2048) DEFAULT NULL,
  `dtCreation` datetime(6) NOT NULL,
  `dtUpdate` datetime(6) NOT NULL,
  PRIMARY KEY (`code`),
  KEY `IX_PlantationHistory_codePlantation` (`codePlantation`),
  CONSTRAINT `FK_PlantationHistory_Plantations_codePlantation` FOREIGN KEY (`codePlantation`) REFERENCES `Plantations` (`code`) ON DELETE CASCADE
) ENGINE=InnoDB AUTO_INCREMENT=344 DEFAULT CHARSET=utf8mb4;
/*!40101 SET character_set_client = @saved_cs_client */;

--
-- Dumping data for table `PlantationHistory`
--

LOCK TABLES `PlantationHistory` WRITE;
/*!40000 ALTER TABLE `PlantationHistory` DISABLE KEYS */;
INSERT INTO `PlantationHistory` VALUES (2,100,'2020-09-02 00:00:00.000000',5,175,NULL,NULL,'Très forte croissance, se porte très bien.','2022-04-23 08:06:11.764839','2022-04-23 08:06:11.764839'),(4,100,'2021-09-08 00:00:00.000000',3,185,NULL,NULL,'Présence de nombreuses tâches sur les feuilles.','2022-04-23 08:06:45.604744','2022-04-23 08:06:45.604744'),(5,100,'2019-07-26 00:00:00.000000',5,95,0,NULL,'Présence de quelques tâches sur certaines feuilles mais dans l\'ensemble il est un très bon état.','2022-04-23 12:46:05.845319','2022-04-23 12:46:05.845319'),(6,102,'2019-07-26 00:00:00.000000',4,25,0,NULL,'En forme mais n’a pas grandi depuis la plantation.','2022-04-23 17:34:17.042249','2022-04-23 17:34:17.042249'),(7,102,'2020-09-02 00:00:00.000000',5,30,0,NULL,'Toujours en plein forme et commence enfin à grandir.','2022-04-23 17:34:48.578316','2022-04-23 17:34:48.578316'),(8,102,'2021-09-02 00:00:00.000000',5,30,0,NULL,'Se porte bien et commence à s\'étoffer.','2022-04-23 17:35:55.337134','2022-04-23 17:35:55.337134'),(9,99,'2019-07-26 00:00:00.000000',5,75,0,NULL,'Il était complètement caché par les féverolles jusqu\'au début de l\'été où nous avons eu du mal à le retrouver, depuis il est toujours légèrement protégé par la végétation mais profite d\'un meilleur ensoleillement. Ses feuilles sont d\'un vert éclatant.','2022-04-23 17:37:23.339002','2022-04-23 17:37:23.339002'),(11,99,'2021-09-02 00:00:00.000000',5,200,0,NULL,'En très bon état malgré des dégâts en avril à cause du gel (-7°).','2022-04-23 17:38:26.474670','2022-04-23 17:38:26.474670'),(12,99,'2020-09-02 00:00:00.000000',5,120,0,NULL,'Se porte à merveille et a déjà bien grandi, il porte ses deux premiers fruits.','2022-04-23 17:39:52.049212','2022-04-23 17:39:52.049212'),(13,101,'2020-09-02 00:00:00.000000',5,95,0,NULL,'En pleine forme, a déjà bien grandi.','2022-04-23 17:44:36.941667','2022-04-23 17:44:36.941667'),(14,101,'2021-09-02 00:00:00.000000',5,135,0,NULL,'Apparition des premiers fruits.','2022-04-23 17:44:57.169174','2022-04-23 17:44:57.169174'),(15,90,'2019-07-26 00:00:00.000000',4,75,0,NULL,'Il a sacrifié le haut de la plante suite à une blessure apparente mais se porte bien malgré ça.','2022-04-23 17:47:12.720187','2022-04-23 17:47:12.720187'),(16,90,'2020-09-02 00:00:00.000000',1,15,0,NULL,'Suite à une gommose au niveau du pied le greffon semble perdu. Il repart avec vigueur sous le point de greffe. Au premier abord on pense que le point de greffe était trop bas, mais après quelques recherches il semblerait que la variété \"Rouge du Roussillon\" n\'a pas une très bonne affinité avec le porte-greffe de type Myrobolan. ','2022-04-23 17:49:36.879247','2022-04-23 17:49:36.879247'),(17,90,'2021-09-02 00:00:00.000000',5,105,0,25,'Bonne vigueurs des rejets qui ont été greffé fin août par Chris (sans succès).','2022-04-23 17:53:06.362526','2022-04-23 17:53:06.362526'),(18,95,'2019-07-26 00:00:00.000000',4,130,0,NULL,'A sacrifié une partie de son branchage suite à la transplantation mais est bien reparti et fait déjà quelques fruits.','2022-04-23 17:54:35.752930','2022-04-23 17:54:35.752930'),(19,95,'2020-09-02 00:00:00.000000',5,150,0,NULL,'Très bonne reprise.','2022-04-23 17:55:18.980363','2022-04-23 17:55:18.980363'),(20,95,'2021-09-02 00:00:00.000000',5,170,0,NULL,'Présence de nombreux petits fruits.','2022-04-23 17:55:36.131397','2022-04-23 17:55:36.131397'),(21,89,'2019-07-26 00:00:00.000000',4,70,0,NULL,'Il a eu beaucoup de mal à reprendre en début de saison, sans doute à cause du peu de racines prélevées, mais se porte maintenant à merveille.','2022-04-23 17:57:08.723621','2022-04-23 17:57:08.723621'),(22,89,'2020-09-02 00:00:00.000000',5,90,0,NULL,'Se porte merveilleusement bien.','2022-04-23 17:58:09.606317','2022-04-23 17:58:09.606317'),(23,89,'2021-09-02 00:00:00.000000',5,140,0,NULL,'Toujours aussi bien portant.','2022-04-23 17:58:32.146867','2022-04-23 17:58:32.146867'),(24,96,'2019-07-26 00:00:00.000000',5,35,0,NULL,'Se porte très bien.','2022-04-23 18:00:31.834888','2022-04-23 18:00:31.834888'),(25,96,'2020-09-02 00:00:00.000000',5,43,0,NULL,'Se porte très bien mais peu de croissance.','2022-04-23 18:00:58.115970','2022-04-23 18:00:58.115970'),(26,96,'2021-09-02 00:00:00.000000',4,48,0,NULL,'Apparition des premiers fruits.','2022-04-23 18:01:30.057854','2022-04-23 18:01:30.057854'),(27,98,'2019-07-26 00:00:00.000000',4,45,0,NULL,'Pousse doucement mais en très bon état.','2022-04-23 18:03:43.775513','2022-04-23 18:03:43.775513'),(28,98,'2020-09-02 00:00:00.000000',4,45,0,NULL,'Toujours en très bon état mais n’a pas grandi.','2022-04-23 18:03:59.797947','2022-04-23 18:03:59.797947'),(29,98,'2021-09-02 00:00:00.000000',4,40,0,NULL,'','2022-04-23 18:04:09.767192','2022-04-23 18:04:09.767192'),(30,93,'2020-09-02 00:00:00.000000',3,35,0,NULL,'Quelques fruits ont fait leur apparition mais n’ont pas pu être récolté car ils ont cramé avant la récolte. ','2022-04-23 18:06:28.005348','2022-04-23 18:06:28.005348'),(31,93,'2021-09-02 00:00:00.000000',3,30,0,NULL,'','2022-04-23 18:06:39.265230','2022-04-23 18:06:39.265230'),(32,94,'2020-09-02 00:00:00.000000',3,40,0,NULL,'Quelques fruits ont fait leur apparition mais n’ont pas pu être récolté car ils ont cramé avant la récolte. ','2022-04-23 18:07:50.222215','2022-04-23 18:07:50.222215'),(33,94,'2021-09-02 00:00:00.000000',3,40,0,NULL,'','2022-04-23 18:07:57.146182','2022-04-23 18:07:57.146182'),(34,86,'2019-07-26 00:00:00.000000',5,150,0,NULL,'Planté au milieu des féverolles, il se porte à merveille.','2022-04-23 18:09:15.211306','2022-04-23 18:09:15.211306'),(35,86,'2020-09-02 00:00:00.000000',3,150,0,NULL,'Présence de traces brunes sur de nombreuses feuilles (tigre du poirier).','2022-04-23 18:09:41.033648','2022-04-23 18:09:41.033648'),(36,86,'2021-09-02 00:00:00.000000',4,227,0,NULL,'Nettoyage des feuilles l\'an dernier, se porte désormais à merveille. Une des plus grosse pousse de l\'année. ','2022-04-23 18:10:39.003211','2022-04-23 18:10:39.003211'),(37,97,'2020-09-02 00:00:00.000000',3,175,0,NULL,'Se porte relativement bien mais certaines feuilles sont cramées. ','2022-04-23 18:12:20.613602','2022-04-23 18:12:20.613602'),(38,97,'2021-09-02 00:00:00.000000',3,180,0,NULL,'Peu ramifié et nombreux dégâts sur ses feuilles à cause du tigre du poirier, apparition d\'une petite pomme.','2022-04-23 18:12:51.863834','2022-04-23 18:12:51.863834'),(39,87,'2020-09-02 00:00:00.000000',4,20,0,NULL,'Pousse timidement mais se porte très bien.','2022-04-23 18:14:32.368416','2022-04-23 18:14:32.368416'),(40,87,'2021-09-02 00:00:00.000000',3,20,0,NULL,'','2022-04-23 18:14:41.494796','2022-04-23 18:14:41.494796'),(41,88,'2019-07-26 00:00:00.000000',5,100,0,NULL,'Planté au milieu des féverolles il a été difficile de le retrouver en début d\'été, il se porte à merveille.','2022-04-23 18:19:50.942489','2022-04-23 18:19:50.942489'),(42,88,'2020-09-02 00:00:00.000000',4,140,0,NULL,'Très forte croissance et semble se porter très bien malgré le peu de feuilles présentes sur la photo, tous les amandiers plantés ont déjà perdu partiellement leurs feuilles (septembre).','2022-04-23 18:20:10.427221','2022-04-23 18:20:10.427221'),(43,88,'2021-09-02 00:00:00.000000',4,180,0,NULL,'','2022-04-23 18:20:19.440250','2022-04-23 18:20:19.440250'),(44,76,'2020-09-02 00:00:00.000000',3,85,0,NULL,'A subit de nombreuses attaques et feuilles en mauvais état.','2022-04-23 18:28:14.257735','2022-04-23 18:28:14.257735'),(45,76,'2021-09-02 00:00:00.000000',2,85,0,NULL,'Toujours le même problème sur les feuilles, ne pousse plus.','2022-04-23 18:28:31.997824','2022-04-23 18:28:31.997824'),(46,75,'2020-09-02 00:00:00.000000',4,125,0,NULL,'Bonne croissance mais subit de nombreuses attaques aux feuilles.','2022-04-23 18:29:16.045013','2022-04-23 18:29:16.045013'),(47,75,'2021-09-02 00:00:00.000000',2,125,0,NULL,'Toujours le même problème sur les feuilles, ne pousse plus.','2022-04-23 18:29:44.147404','2022-04-23 18:29:44.147404'),(48,77,'2020-09-02 00:00:00.000000',5,20,0,NULL,'Très bonne vigueur mais la tige principale s’est fait coupée par les animaux.','2022-04-23 18:30:41.327085','2022-04-23 18:30:41.327085'),(50,78,'2020-09-02 00:00:00.000000',5,75,0,NULL,'Très bonne vigueur mais la tige principale s’est fait coupée par les animaux.','2022-04-24 15:25:08.568581','2022-04-24 15:25:08.568581'),(52,77,'2021-09-02 00:00:00.000000',4,54,0,NULL,'Présence de quelques fruits, bonne pousse.','2022-04-24 15:32:50.565115','2022-04-24 15:32:50.565115'),(56,78,'2021-09-02 00:00:00.000000',4,25,0,NULL,'Présence de quelques fruits, bonne pousse mais la tige principale a été arrachée lors d\'un arrosage.','2022-04-24 15:34:56.262133','2022-04-24 15:34:56.262133'),(57,79,'2020-09-02 00:00:00.000000',5,54,0,NULL,'Très bonne vigueur mais la tige principale s’est fait coupée par les animaux.','2022-04-24 15:35:42.005084','2022-04-24 15:35:42.005084'),(58,79,'2021-09-02 00:00:00.000000',4,190,0,NULL,'Présence de quelques fruits, très bonne pousse et premiers rejets.','2022-04-24 15:35:58.492139','2022-04-24 15:35:58.492139'),(59,290,'2019-07-26 00:00:00.000000',5,190,0,NULL,'Pêcher s\'étant le mieux adapté des plantations de 2018, il a déjà produit deux petites pêches.','2022-04-24 15:37:52.158500','2022-04-24 15:37:52.158500'),(60,290,'2020-09-02 00:00:00.000000',5,210,0,NULL,'Très bonne croissance, il continue à s\'étoffer et 5-6 fruits portés cette année.','2022-04-24 15:38:09.635381','2022-04-24 15:38:09.635381'),(61,290,'2021-09-02 00:00:00.000000',4,225,0,35,'','2022-04-24 15:38:39.987520','2022-04-24 15:38:39.987520'),(62,81,'2019-07-26 00:00:00.000000',4,130,0,NULL,'L\'arbre semble bien se porter mais les feuilles ont de nombreuses tâches (à surveiller).','2022-04-24 15:40:23.009167','2022-04-24 15:40:23.009167'),(64,81,'2020-09-02 00:00:00.000000',5,155,0,NULL,'Se porte à merveille.','2022-04-24 15:40:51.405850','2022-04-24 15:40:51.405850'),(65,81,'2021-09-02 00:00:00.000000',5,202,0,25,NULL,'2022-04-24 15:45:01.687705','2022-04-24 15:45:01.687705'),(66,292,'2020-09-02 00:00:00.000000',5,18,0,NULL,'Bonne reprise.','2022-04-24 15:47:49.152186','2022-04-24 15:47:49.152186'),(67,292,'2021-09-02 00:00:00.000000',3,10,0,NULL,'','2022-04-24 15:47:59.284258','2022-04-24 15:47:59.284258'),(68,84,'2019-07-26 00:00:00.000000',5,160,0,NULL,'En très bon état.','2022-04-24 15:51:04.125989','2022-04-24 15:51:04.125989'),(69,84,'2020-09-02 00:00:00.000000',5,250,0,NULL,'Arbre ayant la plus forte croissance du terrain, de nombreuses amandes ont déjà pu être récoltées. Peu de feuilles sur la photo du à la saison (septembre).','2022-04-24 15:51:20.256368','2022-04-24 15:51:20.256368'),(70,84,'2021-09-02 00:00:00.000000',5,285,0,50,'Pas de fruits cette année à cause du gel printanier (-7° en avril).','2022-04-24 15:51:36.241481','2022-04-24 15:51:36.241481'),(71,85,'2019-07-26 00:00:00.000000',5,135,0,NULL,'En très bon état.','2022-04-24 15:58:35.635758','2022-04-24 15:58:35.635758'),(72,85,'2020-09-02 00:00:00.000000',5,155,0,NULL,'Bonne croissance et présence de quelques amandes.','2022-04-24 15:58:49.502448','2022-04-24 15:58:49.502448'),(73,85,'2021-09-02 00:00:00.000000',3,155,0,NULL,'Aucune croissance et état moyen.','2022-04-24 15:59:07.275261','2022-04-24 15:59:07.275261'),(75,83,'2020-09-02 00:00:00.000000',5,220,0,NULL,'Se porte très bien mais on a été obligé de lui ajouter un tuteur car le tronc est encore trop petit par rapport au nombre de fruits qu’il porte déjà (5-6).','2022-04-24 16:00:42.268727','2022-04-24 16:00:42.268727'),(76,83,'2021-09-02 00:00:00.000000',4,220,0,25,'Se porte très bien malgré la perte de toutes ses feuilles suite au gel printanier en avril (-7°).','2022-04-24 16:01:06.405006','2022-04-24 16:01:06.405006'),(77,83,'2019-07-26 00:00:00.000000',5,210,0,NULL,'Arbre déjà grand à la plantation et qui a bien pris.','2022-04-24 16:02:19.541209','2022-04-24 16:02:19.541209'),(78,80,'2019-07-26 00:00:00.000000',3,110,0,NULL,'Perte de la partie supérieure de l\'arbre et de quelques branches, le reste semble bien reprendre.','2022-04-24 16:08:14.208044','2022-04-24 16:08:14.208044'),(79,80,'2020-09-02 00:00:00.000000',4,110,0,NULL,'Bon état dans l’ensemble malgré une faible croissance.','2022-04-24 16:08:31.374747','2022-04-24 16:08:31.374747'),(80,80,'2021-09-02 00:00:00.000000',4,120,0,35,'Commence à s\'étoffer et grossir du tronc.','2022-04-24 16:08:46.125240','2022-04-24 16:08:46.125240'),(81,43,'2019-07-26 00:00:00.000000',4,95,0,NULL,'Feuillage bien portant malgré la perte de la partie supérieur (très peu).','2022-04-24 16:10:32.903062','2022-04-24 16:10:32.903062'),(82,43,'2020-09-02 00:00:00.000000',4,115,0,NULL,'Bon état dans l’ensemble malgré une faible croissance.','2022-04-24 16:10:51.219885','2022-04-24 16:10:51.219885'),(83,43,'2021-09-02 00:00:00.000000',3,153,0,25,'Commence à s\'étoffer.','2022-04-24 16:11:06.539126','2022-04-24 16:11:06.539126'),(84,42,'2019-07-26 00:00:00.000000',5,105,0,NULL,'Arbre très bien portant.','2022-04-24 16:11:56.413888','2022-04-24 16:11:56.413888'),(85,42,'2020-09-02 00:00:00.000000',4,110,0,NULL,'Bon état dans l’ensemble malgré une faible croissance.','2022-04-24 16:12:50.441297','2022-04-24 16:12:50.441297'),(86,42,'2021-09-02 00:00:00.000000',4,135,0,20,'Commence à s\'étoffer.','2022-04-24 16:13:08.417766','2022-04-24 16:13:08.417766'),(87,4,'2019-07-26 00:00:00.000000',5,145,0,NULL,'Feuillage très dense.','2022-04-24 16:22:10.696775','2022-04-24 16:22:10.696775'),(88,4,'2020-09-02 00:00:00.000000',5,210,0,NULL,'Toujours en plein forme et feuillage très bien portant.','2022-04-24 16:22:23.484902','2022-04-24 16:22:23.484902'),(89,4,'2021-09-02 00:00:00.000000',5,232,0,40,'Toujours autant en forme.','2022-04-24 16:22:48.396041','2022-04-24 16:22:48.396041'),(90,69,'2020-09-02 00:00:00.000000',4,20,0,NULL,'Pousse doucement mais son feuillage est relativement beau.','2022-04-24 16:24:21.359440','2022-04-24 16:24:21.359440'),(91,69,'2021-09-02 00:00:00.000000',4,20,0,NULL,'Feuillage abimé par la faune, nécessite un nettoyage des ronces qui l\'envahissent.','2022-04-24 16:24:31.228376','2022-04-24 16:24:31.228376'),(92,73,'2020-09-02 00:00:00.000000',2,200,0,NULL,'Semble avoir bien pris racine mais a perdu une partie des branches.','2022-04-24 16:26:53.081941','2022-04-24 16:26:53.081941'),(93,73,'2021-09-02 00:00:00.000000',5,110,0,NULL,'Belles feuilles vertes.','2022-04-24 16:27:06.562676','2022-04-24 16:27:06.562676'),(94,318,'2020-09-02 00:00:00.000000',3,130,0,NULL,'Semble avoir bien pris racine mais a perdu une partie des branches.','2022-04-24 16:27:58.883619','2022-04-24 16:27:58.883619'),(95,318,'2021-09-02 00:00:00.000000',4,130,0,NULL,'Belles feuilles vertes.','2022-04-24 16:28:09.535189','2022-04-24 16:28:09.535189'),(96,72,'2019-07-26 00:00:00.000000',4,70,0,NULL,'Perte de quelques feuilles suite à la canicule de juillet mais dans l\'ensemble le plant se porte plutôt bien.','2022-04-24 16:29:31.361673','2022-04-24 16:29:31.361673'),(97,72,'2020-09-02 00:00:00.000000',3,80,0,NULL,'N\'a pas grandi mais se porte toujours aussi bien.','2022-04-24 16:29:48.966392','2022-04-24 16:29:48.966392'),(98,72,'2021-09-02 00:00:00.000000',3,80,0,NULL,'Commence à s\'étoffer.','2022-04-24 16:30:00.249866','2022-04-24 16:30:00.249866'),(99,74,'2019-07-26 00:00:00.000000',5,95,0,NULL,'Se porte très bien.','2022-04-24 16:31:04.898169','2022-04-24 16:31:04.898169'),(101,74,'2020-09-02 00:00:00.000000',4,100,0,NULL,'Toujours en bonne santé.','2022-04-24 16:31:55.345918','2022-04-24 16:31:55.345918'),(102,74,'2021-09-02 00:00:00.000000',5,100,0,15,'Toujours en bonne santé mais ne grandi pas. ','2022-04-24 16:32:13.531510','2022-04-24 16:32:13.531510'),(103,70,'2020-09-02 00:00:00.000000',5,55,0,NULL,'Beau feuillage.','2022-04-24 16:34:18.788658','2022-04-24 16:34:18.788658'),(104,70,'2021-09-02 00:00:00.000000',5,60,0,NULL,'Toujours en forme mais ne grandi pas.','2022-04-24 16:34:36.606376','2022-04-24 16:34:36.606376'),(105,64,'2019-07-26 00:00:00.000000',3,90,0,NULL,'Il a moins bien grandi que l\'autre févier qui bénéficie d\'un meilleur ensoleillement et certaines feuilles n\'ont pas tenues.','2022-04-24 16:35:20.101410','2022-04-24 16:35:20.101410'),(106,64,'2020-09-02 00:00:00.000000',5,70,0,NULL,'Peu d\'évolution par rapport à l\'année précédente.','2022-04-24 16:35:49.622234','2022-04-24 16:35:49.622234'),(107,64,'2021-09-02 00:00:00.000000',5,145,0,NULL,'Forte croissance et très beau feuillage.','2022-04-24 16:36:01.679207','2022-04-24 16:36:01.679207'),(108,65,'2019-07-26 00:00:00.000000',5,120,0,NULL,'Feuilles d\'un vert éclatant, il a déjà bien grandi.','2022-04-24 16:36:42.107353','2022-04-24 16:36:42.107353'),(109,65,'2020-09-02 00:00:00.000000',5,155,0,NULL,'Belle croissance et feuillage toujours aussi éclatant.','2022-04-24 16:36:53.938426','2022-04-24 16:36:53.938426'),(110,65,'2021-09-02 00:00:00.000000',5,205,0,NULL,'Forte croissance et très beau feuillage.','2022-04-24 16:37:03.485785','2022-04-24 16:37:03.485785'),(111,68,'2019-07-26 00:00:00.000000',4,40,0,NULL,'Pousse doucement mais en très bon état.','2022-04-24 16:37:47.800616','2022-04-24 16:37:47.800616'),(112,68,'2020-09-02 00:00:00.000000',4,45,0,NULL,'','2022-04-24 16:38:00.985948','2022-04-24 16:38:00.985948'),(113,68,'2021-09-02 00:00:00.000000',5,50,0,NULL,'Très bien portant mais pousse toujours aussi doucement.','2022-04-24 16:38:36.345567','2022-04-24 16:38:36.345567'),(114,71,'2019-07-26 00:00:00.000000',5,65,0,NULL,'Bénéficie de l\'ombre des cyprès le midi qui semble lui être favorable.','2022-04-24 16:39:38.338111','2022-04-24 16:39:38.338111'),(115,71,'2020-09-02 00:00:00.000000',3,80,0,NULL,'Peu d\'évolution par rapport à l\'année précédente mais état correct.','2022-04-24 16:40:02.922062','2022-04-24 16:40:02.922062'),(116,71,'2021-09-02 00:00:00.000000',5,95,0,NULL,'Se porte très bien.','2022-04-24 16:40:14.756664','2022-04-24 16:40:14.756664'),(117,66,'2020-09-02 00:00:00.000000',4,60,0,NULL,'Se porte très bien malgré sa situation très abritée.','2022-04-24 16:42:19.513920','2022-04-24 16:42:19.513920'),(118,67,'2019-07-26 00:00:00.000000',5,70,0,NULL,'Feuilles d\'un vert éclatant, il a déjà bien grandi.','2022-04-24 16:43:07.902016','2022-04-24 16:43:07.902016'),(119,67,'2020-09-02 00:00:00.000000',5,120,0,NULL,'Très beau feuillage.','2022-04-24 16:43:20.552976','2022-04-24 16:43:20.552976'),(120,67,'2021-09-02 00:00:00.000000',5,190,0,NULL,'Forte croissance et très beau feuillage.','2022-04-24 16:43:32.344863','2022-04-24 16:43:32.344863'),(121,60,'2019-07-26 00:00:00.000000',4,15,NULL,NULL,'Se porte très bien malgré les attaques incessantes des lapins.','2022-04-24 16:49:05.849026','2022-04-24 16:49:05.849026'),(122,60,'2020-09-02 00:00:00.000000',4,140,NULL,NULL,'Très fort développement et très bon état jusqu\'au milieu de l\'été. Son feuillage retombe depuis peu.','2022-04-24 16:50:15.246319','2022-04-24 16:50:15.246319'),(123,60,'2021-09-02 00:00:00.000000',5,150,160,NULL,'','2022-04-24 16:50:39.179655','2022-04-24 16:50:39.179655'),(124,55,'2019-07-26 00:00:00.000000',4,0,0,NULL,'Semble bien apprécier sa situation entourée de ronces.','2022-04-24 16:51:56.006636','2022-04-24 16:51:56.006636'),(125,55,'2020-09-02 00:00:00.000000',4,65,0,NULL,'','2022-04-24 16:52:09.901401','2022-04-24 16:52:09.901401'),(126,55,'2021-09-02 00:00:00.000000',3,90,0,NULL,'','2022-04-24 16:52:20.767085','2022-04-24 16:52:20.767085'),(127,51,'2019-07-26 00:00:00.000000',5,85,0,NULL,'Départ difficile au printemps mais se porte très bien.','2022-04-24 16:55:38.462647','2022-04-24 16:55:38.462647'),(128,51,'2020-09-02 00:00:00.000000',3,95,0,NULL,'Beau développement malgré un feuillage tacheté de brun.','2022-04-24 16:55:53.201983','2022-04-24 16:55:53.201983'),(129,51,'2021-09-02 00:00:00.000000',5,155,0,NULL,'Apport de fumier au pied et arrosage soigné.','2022-04-24 16:56:05.454656','2022-04-24 16:56:05.454656'),(130,58,'2019-07-26 00:00:00.000000',5,60,0,NULL,'Se porte très bien mais a perdu ses fruits suite à la canicule de juillet.','2022-04-24 16:58:12.917406','2022-04-24 16:58:12.917406'),(132,58,'2020-09-02 00:00:00.000000',4,60,0,NULL,'Se porte très bien.','2022-04-24 16:58:44.569186','2022-04-24 16:58:44.569186'),(133,58,'2021-09-02 00:00:00.000000',4,60,0,NULL,'Se porte bien mais semble végéter depuis 2 ans.','2022-04-24 16:58:52.668341','2022-04-24 16:58:52.668341'),(134,61,'2019-07-26 00:00:00.000000',5,125,0,NULL,'A déjà donné de nombreux fruits et se porte très bien malgré une attaque sévère par un animal (à priori un sanglier).','2022-04-24 17:00:05.986386','2022-04-24 17:00:05.986386'),(135,61,'2020-09-02 00:00:00.000000',5,125,0,NULL,'Se développe bien.','2022-04-24 17:00:16.760748','2022-04-24 17:00:16.760748'),(136,61,'2021-09-02 00:00:00.000000',5,150,0,15,'Perte du feuillage suite au gel printanier en avril (-7°), mais se porte très bien.','2022-04-24 17:00:37.180973','2022-04-24 17:00:37.180973'),(137,62,'2020-09-02 00:00:00.000000',3,62,0,NULL,'Feuillage partiellement cramé suite à un trop fort ensoleillement en début d\'été. Un voile d\'ombrage lui a été ajouté en août et depuis il va mieux.','2022-04-24 17:01:44.422545','2022-04-24 17:01:44.422545'),(138,62,'2021-09-02 00:00:00.000000',3,105,0,NULL,'','2022-04-24 17:01:53.899281','2022-04-24 17:01:53.899281'),(139,50,'2019-07-26 00:00:00.000000',5,85,0,NULL,'Départ difficile au printemps mais se porte très bien.','2022-04-24 17:02:45.899154','2022-04-24 17:02:45.899154'),(141,50,'2020-09-02 00:00:00.000000',3,95,0,NULL,'Beau développement malgré un feuillage tacheté de brun.','2022-04-24 17:03:08.183356','2022-04-24 17:03:08.183356'),(142,50,'2021-09-02 00:00:00.000000',5,155,0,NULL,'Apport de fumier au pied et arrosage soigné.','2022-04-24 17:03:21.556222','2022-04-24 17:03:21.556222'),(143,52,'2019-07-26 00:00:00.000000',3,5,NULL,NULL,'Semble supporter difficilement la chaleur.','2022-04-24 17:04:35.439235','2022-04-24 17:04:35.439235'),(144,52,'2020-09-02 00:00:00.000000',4,45,NULL,NULL,'Beau développement et belles feuilles au pied.','2022-04-24 17:05:13.415472','2022-04-24 17:05:13.415472'),(145,56,'2019-07-26 00:00:00.000000',3,0,0,NULL,'Supporte mal le soleil direct de l\'été.','2022-04-24 17:06:23.815628','2022-04-24 17:06:23.815628'),(146,56,'2020-09-02 00:00:00.000000',3,107,0,NULL,'Feuillage montrant une exposition trop importante au soleil.','2022-04-24 17:06:40.131815','2022-04-24 17:06:40.131815'),(147,56,'2021-09-02 00:00:00.000000',1,78,0,NULL,'En souffrance, il faudrait le protéger du soleil en attendant que le noyer lui fasse de l\'ombre.','2022-04-24 17:07:08.772065','2022-04-24 17:07:08.772065'),(148,22,'2020-09-02 00:00:00.000000',4,57,0,NULL,'Bonne reprise.','2022-04-24 17:08:31.034449','2022-04-24 17:08:31.034449'),(149,24,'2019-07-26 00:00:00.000000',5,40,NULL,NULL,'A déjà bien grandi depuis la plantation. ','2022-04-24 17:12:04.381584','2022-04-24 17:12:04.381584'),(150,24,'2020-09-02 00:00:00.000000',5,85,NULL,NULL,'Feuillage magnifique et belle croissance.','2022-04-24 17:12:22.091517','2022-04-24 17:12:22.091517'),(151,24,'2021-09-02 00:00:00.000000',5,100,90,NULL,'Plusieurs récoltes dans l\'été.','2022-04-24 17:12:37.769639','2022-04-24 17:12:37.769639'),(152,293,'2020-09-02 00:00:00.000000',3,65,0,NULL,'Reprise difficile après une transplantation à la mauvaise période. ','2022-04-24 17:14:04.733504','2022-04-24 17:14:04.733504'),(153,239,'2020-09-02 00:00:00.000000',3,95,0,NULL,'Se porte très bien malgré une petite attaque de la cloque.','2022-04-24 17:14:47.667248','2022-04-24 17:14:47.667248'),(154,20,'2019-07-26 00:00:00.000000',5,25,NULL,NULL,'Se porte à merveille.','2022-04-24 17:15:41.969376','2022-04-24 17:15:41.969376'),(155,20,'2020-09-02 00:00:00.000000',5,70,NULL,NULL,'Parfaitement implantée et feuillage très dense.','2022-04-24 17:16:01.521728','2022-04-24 17:16:01.521728'),(156,20,'2021-09-02 00:00:00.000000',5,85,190,NULL,'Plusieurs récoltes dans l\'été.','2022-04-24 17:16:18.518109','2022-04-24 17:16:18.518109'),(157,5,'2020-09-02 00:00:00.000000',4,157,0,NULL,'Feuillage pas très dense mais en bon état.','2022-04-24 17:20:29.773708','2022-04-24 17:20:29.773708'),(158,11,'2020-09-02 00:00:00.000000',4,170,0,NULL,'Très bonne reprise malgré un feuillage partiellement jaune.','2022-04-24 17:21:16.858351','2022-04-24 17:21:16.858351'),(159,10,'2019-07-26 00:00:00.000000',5,130,0,NULL,'Se porte très bien.','2022-04-24 17:22:29.628425','2022-04-24 17:22:29.628425'),(160,10,'2020-09-02 00:00:00.000000',4,165,0,NULL,'Feuillage moyen mais se porte bien dans l\'ensemble.','2022-04-24 17:22:41.930257','2022-04-24 17:22:41.930257'),(162,10,'2021-09-02 00:00:00.000000',3,200,0,30,'','2022-04-24 17:23:28.889384','2022-04-24 17:23:28.889384'),(163,12,'2019-07-26 00:00:00.000000',3,5,0,NULL,'A mal supporté la canicule de juillet mais repars bien.','2022-04-24 17:25:38.403250','2022-04-24 17:25:38.403250'),(164,12,'2020-09-02 00:00:00.000000',5,33,0,NULL,'Belle croissance et beau feuillage.','2022-04-24 17:25:52.413915','2022-04-24 17:25:52.413915'),(165,12,'2021-09-02 00:00:00.000000',5,50,0,NULL,'Se porte bien.','2022-04-24 17:26:05.600857','2022-04-24 17:26:05.600857'),(166,13,'2019-07-26 00:00:00.000000',5,115,0,NULL,'Se porte très bien malgré une plantation en fin de printemps.','2022-04-24 17:27:26.557787','2022-04-24 17:27:26.557787'),(167,13,'2020-09-02 00:00:00.000000',4,140,0,NULL,'Très beau feuillage.','2022-04-24 17:27:41.467917','2022-04-24 17:27:41.467917'),(168,13,'2021-09-02 00:00:00.000000',4,140,0,20,'Il a souffert du gel printanier mais à tout de même réussi à s\'étoffer un peu','2022-04-24 17:27:52.343791','2022-04-24 17:27:52.343791'),(169,14,'2019-07-26 00:00:00.000000',5,70,0,NULL,'Se porte très bien.','2022-04-24 17:28:43.420115','2022-04-24 17:28:43.420115'),(170,14,'2020-09-02 00:00:00.000000',5,70,0,NULL,'Commence à donner ses premiers fruits (encore verts).','2022-04-24 17:28:57.291628','2022-04-24 17:28:57.291628'),(171,14,'2021-09-02 00:00:00.000000',4,125,0,NULL,'Perte du greffon suite au gel printanier en avril (-7°) mais le porte-greffe a une très bonne vigueur.','2022-04-24 17:29:18.798937','2022-04-24 17:29:18.798937'),(172,15,'2019-07-26 00:00:00.000000',4,75,0,NULL,'Perte d\'une branche principale qui a été cassée mais l\'ensemble de l\'arbre se porte bien Il bénéficie d\'un trou de plantation assez important et d\'un bon arrosage le jour de la plantation qui s\'est faite au printemps. ','2022-04-24 17:30:44.833114','2022-04-24 17:30:44.833114'),(174,15,'2020-09-02 00:00:00.000000',5,110,0,NULL,'Belle croissance.','2022-04-24 17:31:18.732049','2022-04-24 17:31:18.732049'),(175,15,'2021-09-02 00:00:00.000000',3,55,0,NULL,'Perte du greffon suite au gel printanier en avril (-7°) mais le porte-greffe a survécu.','2022-04-24 17:31:32.509998','2022-04-24 17:31:32.509998'),(176,16,'2020-09-02 00:00:00.000000',5,105,0,NULL,'Belle floraison pour une première année de plantation. ','2022-04-24 17:32:41.214225','2022-04-24 17:32:41.214225'),(177,16,'2021-09-02 00:00:00.000000',4,105,0,20,'A relativement bien résisté au gel printanier en avril (-7°).','2022-04-24 17:32:58.332404','2022-04-24 17:32:58.332404'),(178,17,'2019-07-26 00:00:00.000000',3,5,0,NULL,'Se porte bien mais pousse très doucement.','2022-04-24 17:35:04.492692','2022-04-24 17:35:04.492692'),(179,17,'2020-09-02 00:00:00.000000',5,35,0,NULL,'Feuillage magnifique par rapport à l\'année précédente.','2022-04-24 17:35:21.562806','2022-04-24 17:35:21.562806'),(180,17,'2021-09-02 00:00:00.000000',5,55,0,NULL,'','2022-04-24 17:35:30.368514','2022-04-24 17:35:30.368514'),(181,18,'2019-07-26 00:00:00.000000',3,5,0,NULL,'Se porte bien mais pousse très doucement.','2022-04-24 17:36:12.218126','2022-04-24 17:36:12.218126'),(182,18,'2020-09-02 00:00:00.000000',4,20,0,NULL,'','2022-04-24 17:36:24.723582','2022-04-24 17:36:24.723582'),(183,262,'2019-07-26 00:00:00.000000',4,95,0,0,'A perdu une partie de ses fruits suite à la canicule de juillet mais se porte bien.','2022-04-26 10:17:10.704614','2022-04-26 10:17:10.704614'),(184,262,'2020-09-02 00:00:00.000000',4,95,0,0,'','2022-04-26 10:17:26.509478','2022-04-26 10:17:26.509478'),(185,262,'2021-09-02 00:00:00.000000',5,95,0,0,'','2022-04-26 10:17:33.412764','2022-04-26 10:17:33.412764'),(186,281,'2019-07-26 00:00:00.000000',4,60,0,0,'Supporte mal les chaleurs estivales.','2022-04-26 10:18:48.038372','2022-04-26 10:18:48.038372'),(187,281,'2020-09-02 00:00:00.000000',2,60,0,0,'','2022-04-26 10:18:57.928039','2022-04-26 10:18:57.928039'),(188,281,'2021-09-02 00:00:00.000000',1,0,0,0,'Peut-être mort','2022-04-26 10:19:13.095791','2022-04-26 10:19:13.095791'),(190,258,'2019-07-26 00:00:00.000000',4,40,0,0,'A perdu sa branche principale mais semble bien se porte dans l\'ensemble.','2022-04-26 10:20:40.385129','2022-04-26 10:20:40.385129'),(191,258,'2020-09-02 00:00:00.000000',5,50,0,0,'','2022-04-26 10:20:55.737747','2022-04-26 10:20:55.737747'),(192,258,'2021-09-02 00:00:00.000000',4,55,0,0,'','2022-04-26 10:21:04.169353','2022-04-26 10:21:04.169353'),(193,278,'2019-07-26 00:00:00.000000',4,60,0,0,'A perdu une partie de ses feuilles suite à la canicule de juillet mais se porte bien.','2022-04-26 10:21:44.553243','2022-04-26 10:21:44.553243'),(194,278,'2020-09-02 00:00:00.000000',4,52,0,0,'','2022-04-26 10:21:57.709464','2022-04-26 10:21:57.709464'),(195,278,'2021-09-02 00:00:00.000000',5,60,0,0,'','2022-04-26 10:22:07.167142','2022-04-26 10:22:07.167142'),(196,255,'2020-09-02 00:00:00.000000',3,30,0,0,'Etat moyen mais présence des premières baies.','2022-04-26 10:23:17.248084','2022-04-26 10:23:17.248084'),(197,255,'2021-09-02 00:00:00.000000',4,40,0,0,'Se porte bien.','2022-04-26 10:23:28.690307','2022-04-26 10:23:28.690307'),(198,256,'2019-07-06 00:00:00.000000',5,75,0,0,'Se porte très bien.','2022-04-26 10:24:10.150146','2022-04-26 10:24:10.150146'),(199,256,'2020-09-02 00:00:00.000000',3,65,0,0,'','2022-04-26 10:24:22.532438','2022-04-26 10:24:22.532438'),(200,256,'2021-09-02 00:00:00.000000',3,65,0,0,'','2022-04-26 10:24:29.016792','2022-04-26 10:24:29.016792'),(201,257,'2020-09-02 00:00:00.000000',3,25,0,0,'','2022-04-26 10:25:29.783426','2022-04-26 10:26:02.957628'),(202,257,'2021-09-02 00:00:00.000000',3,35,0,0,'','2022-04-26 10:25:55.758023','2022-04-26 10:25:55.758023'),(203,259,'2020-09-02 00:00:00.000000',4,25,0,0,NULL,'2022-04-26 10:26:55.267735','2022-04-26 10:26:55.267735'),(204,259,'2021-09-02 00:00:00.000000',4,15,0,0,NULL,'2022-04-26 10:27:06.729702','2022-04-26 10:27:06.729702'),(205,263,'2020-09-02 00:00:00.000000',4,33,0,0,NULL,'2022-04-26 10:27:44.450647','2022-04-26 10:27:44.450647'),(206,264,'2020-09-02 00:00:00.000000',3,17,0,0,NULL,'2022-04-26 10:28:37.432566','2022-04-26 10:28:37.432566'),(207,273,'2020-09-02 00:00:00.000000',5,150,0,0,NULL,'2022-04-26 10:29:28.375369','2022-04-26 10:29:28.375369'),(208,273,'2021-09-02 00:00:00.000000',5,180,0,20,'Apparition des premiers fruits.','2022-04-26 10:29:49.623336','2022-04-26 10:29:49.623336'),(209,266,'2020-09-02 00:00:00.000000',4,22,0,0,NULL,'2022-04-26 10:30:23.601542','2022-04-26 10:30:23.601542'),(210,274,'2020-09-02 00:00:00.000000',4,18,0,0,NULL,'2022-04-26 10:30:48.853714','2022-04-26 10:30:48.853714'),(211,280,'2020-09-02 00:00:00.000000',1,20,0,0,'A priori mort, mais à contrôler.','2022-04-26 10:32:18.491261','2022-04-26 10:32:18.491261'),(212,282,'2020-09-02 00:00:00.000000',4,27,0,0,NULL,'2022-04-26 10:32:57.026601','2022-04-26 10:32:57.026601'),(213,283,'2020-09-02 00:00:00.000000',1,5,0,0,'A priori mort, mais à contrôler.','2022-04-26 10:33:25.893796','2022-04-26 10:33:25.893796'),(214,279,'2019-07-26 00:00:00.000000',4,150,0,0,'Semble se porter bien mais les feuilles restent petites.','2022-04-26 10:34:06.652226','2022-04-26 10:34:06.652226'),(215,279,'2020-09-02 00:00:00.000000',1,47,0,0,'Il a perdu 90% de sa masse foliaire à cause de la cloque.','2022-04-26 10:34:26.150829','2022-04-26 10:34:26.150829'),(216,279,'2021-09-02 00:00:00.000000',3,75,0,0,'','2022-04-26 10:34:37.891608','2022-04-26 10:34:37.891608'),(217,295,'2021-09-02 00:00:00.000000',4,5,0,0,'Encore très petite mais se porte bien.','2022-04-26 10:35:31.064039','2022-04-26 10:35:31.064039'),(218,285,'2020-09-02 00:00:00.000000',3,131,0,0,NULL,'2022-04-26 10:36:01.380675','2022-04-26 10:36:01.380675'),(219,284,'2020-09-02 00:00:00.000000',2,155,0,0,NULL,'2022-04-26 10:36:31.802351','2022-04-26 10:36:31.802351'),(220,181,'2019-07-26 00:00:00.000000',5,180,0,0,'A déjà bien grandi depuis la plantation.','2022-04-26 10:41:31.957059','2022-04-26 10:41:31.957059'),(221,181,'2020-09-02 00:00:00.000000',4,220,0,0,'','2022-04-26 10:41:43.236281','2022-04-26 10:41:43.236281'),(222,181,'2021-09-02 00:00:00.000000',5,300,0,30,'Forte croissance mais peu étoffé.','2022-04-26 10:42:08.680533','2022-04-26 10:42:08.680533'),(223,182,'2019-07-26 00:00:00.000000',5,165,0,0,'A déjà bien grandi depuis la plantation.','2022-04-26 10:43:30.997060','2022-04-26 10:43:30.997060'),(224,182,'2020-09-02 00:00:00.000000',3,172,0,0,'','2022-04-26 10:43:43.799924','2022-04-26 10:43:43.799924'),(225,182,'2021-09-02 00:00:00.000000',5,195,0,25,'','2022-04-26 10:43:56.970809','2022-04-26 10:43:56.970809'),(226,183,'2019-07-26 00:00:00.000000',5,230,0,0,'A déjà bien grandi depuis la plantation.','2022-04-26 10:44:46.010568','2022-04-26 10:44:46.010568'),(227,183,'2020-09-02 00:00:00.000000',3,230,0,0,'','2022-04-26 10:44:56.890116','2022-04-26 10:44:56.890116'),(228,183,'2021-09-02 00:00:00.000000',4,232,0,0,'','2022-04-26 10:45:06.514135','2022-04-26 10:45:06.514135'),(229,184,'2020-09-02 00:00:00.000000',3,158,0,0,NULL,'2022-04-26 10:46:01.359256','2022-04-26 10:46:01.359256'),(230,184,'2021-09-02 00:00:00.000000',4,185,0,30,NULL,'2022-04-26 10:46:13.498189','2022-04-26 10:46:13.498189'),(231,185,'2020-09-02 00:00:00.000000',4,165,0,0,NULL,'2022-04-26 10:47:04.700648','2022-04-26 10:47:04.700648'),(232,186,'2020-09-02 00:00:00.000000',2,188,0,0,NULL,'2022-04-26 10:47:58.742041','2022-04-26 10:47:58.742041'),(233,296,'2019-07-26 00:00:00.000000',3,80,0,0,NULL,'2022-04-26 10:48:54.923579','2022-04-26 10:48:54.923579'),(234,296,'2021-09-02 00:00:00.000000',3,60,0,0,NULL,'2022-04-26 10:49:08.472725','2022-04-26 10:49:08.472725'),(235,135,'2021-09-02 00:00:00.000000',5,55,0,0,NULL,'2022-04-27 10:20:55.424969','2022-04-27 10:20:55.424969'),(236,138,'2019-07-26 00:00:00.000000',4,0,0,0,'Se porte très bien.','2022-04-27 10:21:53.713923','2022-04-27 10:21:53.713923'),(237,138,'2021-09-02 00:00:00.000000',5,110,100,0,'Très gros paillage l\'hiver, se porte très bien.','2022-04-27 10:22:26.478919','2022-04-27 10:22:26.478919'),(238,144,'2019-07-26 00:00:00.000000',2,0,0,0,'Le seul des asiminiers ayant encore des feuilles à la fin du mois de juillet. Elles sont néanmoins bien abimées.','2022-04-27 10:23:23.765936','2022-04-27 10:23:23.765936'),(239,144,'2021-09-02 00:00:00.000000',3,8,0,0,'','2022-04-27 10:23:39.590078','2022-04-27 10:23:39.590078'),(240,148,'2019-07-26 00:00:00.000000',5,75,0,0,'Arbre ayant perdu ses feuilles suite à la canicule de juillet mais il est parfaitement reparti.','2022-04-27 10:24:54.091130','2022-04-27 10:24:54.091130'),(241,148,'2020-09-02 00:00:00.000000',3,90,0,0,'Perte des feuilles prématurément, il reste reste que qu\'une feuille au sommet.','2022-04-27 10:25:33.537117','2022-04-27 10:25:33.537117'),(242,148,'2021-09-02 00:00:00.000000',3,95,0,10,'','2022-04-27 10:25:46.681607','2022-04-27 10:25:46.681607'),(243,149,'2019-07-26 00:00:00.000000',5,25,0,0,'A priori la vigne ayant le plus grandi.','2022-04-27 10:26:16.289743','2022-04-27 10:26:16.289743'),(244,149,'2020-09-02 00:00:00.000000',3,40,0,0,'','2022-04-27 10:26:29.496963','2022-04-27 10:26:29.496963'),(245,149,'2021-09-02 00:00:00.000000',3,35,0,0,'','2022-04-27 10:26:37.885584','2022-04-27 10:26:37.885584'),(246,146,'2019-07-26 00:00:00.000000',5,35,0,0,'Arbre en parfait état.','2022-04-27 10:27:50.551237','2022-04-27 10:27:50.551237'),(247,146,'2020-09-02 00:00:00.000000',4,62,0,0,'','2022-04-27 10:28:06.815765','2022-04-27 10:28:06.815765'),(248,146,'2021-09-02 00:00:00.000000',5,65,0,0,'Apparition des premiers fruits.','2022-04-27 10:28:19.180612','2022-04-27 10:28:19.180612'),(249,297,'2019-07-26 00:00:00.000000',5,45,0,0,'Arbre en parfait état.','2022-04-27 10:29:20.425866','2022-04-27 10:29:20.425866'),(250,297,'2020-09-02 00:00:00.000000',3,30,0,0,'','2022-04-27 10:29:37.530379','2022-04-27 10:29:37.530379'),(251,297,'2021-09-02 00:00:00.000000',4,25,0,0,'','2022-04-27 10:29:45.858187','2022-04-27 10:29:45.858187'),(252,147,'2021-09-02 00:00:00.000000',4,15,0,0,NULL,'2022-04-27 10:30:06.949284','2022-04-27 10:30:06.949284'),(253,150,'2019-07-26 00:00:00.000000',4,90,0,0,'Arbre se portant très bien malgré la présence de traces sur les feuilles. Apparition du premier fruit dès la première année.','2022-04-27 10:30:37.609922','2022-04-27 10:30:37.609922'),(254,150,'2020-09-02 00:00:00.000000',5,105,0,0,'Toujours aussi bien portant et présence de plusieurs fruits.','2022-04-27 10:30:54.440854','2022-04-27 10:30:54.440854'),(255,150,'2021-09-02 00:00:00.000000',5,110,0,0,'','2022-04-27 10:31:08.461549','2022-04-27 10:31:08.461549'),(256,319,'2019-07-26 00:00:00.000000',5,75,0,0,'Arbre en très bon état bénéficiant d\'une situation lui semblant bénéfique (végétation très dense).','2022-04-27 10:35:35.110329','2022-04-27 10:35:35.110329'),(257,319,'2021-09-02 00:00:00.000000',5,100,0,0,'Très beau feuillage.','2022-04-27 10:35:54.879914','2022-04-27 10:35:54.879914'),(258,319,'2020-09-02 00:00:00.000000',5,0,0,0,'','2022-04-27 10:36:20.731571','2022-04-27 10:36:20.731571'),(259,163,'2019-07-26 00:00:00.000000',4,135,0,0,'Bon état général bien qu\'ayant perdu certaines feuilles, à priori suite à des attaques de ravageurs (peut-être l\'araignée rouge).','2022-04-27 10:37:00.674211','2022-04-27 10:37:00.674211'),(260,163,'2020-09-02 00:00:00.000000',2,0,0,0,'','2022-04-27 10:37:27.390920','2022-04-27 10:39:05.316922'),(261,163,'2021-09-02 00:00:00.000000',1,135,0,0,'Presque mort.','2022-04-27 10:37:40.208977','2022-04-27 10:37:40.208977'),(262,299,'2019-07-26 00:00:00.000000',4,150,0,0,'Bon état général bien qu\'ayant perdu certaines feuilles.','2022-04-27 10:39:34.023010','2022-04-27 10:39:34.023010'),(263,299,'2020-09-02 00:00:00.000000',3,0,0,0,'','2022-04-27 10:39:58.681042','2022-04-27 10:39:58.681042'),(264,299,'2021-09-02 00:00:00.000000',3,85,0,0,'Le greffon est mort mais Chloé à greffé les rejets fin août.','2022-04-27 10:40:29.284139','2022-04-27 10:40:29.284139'),(265,207,'2020-09-02 00:00:00.000000',4,0,0,0,'Encore petit mais se porte bien.','2022-04-27 10:41:22.252158','2022-04-27 10:41:22.252158'),(266,202,'2019-07-26 00:00:00.000000',4,115,0,0,'L\'arbre est en bon état malgré la perte de la partie supérieure et un manque d\'arrosage en début d\'été.','2022-04-27 10:42:10.725708','2022-04-27 10:42:10.725708'),(267,202,'2020-09-02 00:00:00.000000',4,115,0,0,'','2022-04-27 10:42:27.343245','2022-04-27 10:42:27.343245'),(268,202,'2021-09-02 00:00:00.000000',5,167,0,25,'Se porte très bien, forte croissance.','2022-04-27 10:42:58.367506','2022-04-27 10:42:58.367506'),(269,193,'2019-07-26 00:00:00.000000',5,120,0,0,'L\'arbre est en très bon état malgré un manque d\'arrosage en début d\'été.','2022-04-27 10:43:29.840889','2022-04-27 10:43:29.840889'),(270,193,'2020-09-02 00:00:00.000000',5,225,0,0,'Plus forte croissance de la Forêt Lattoise et un très beau fruit.','2022-04-27 10:43:58.748893','2022-04-27 10:43:58.748893'),(271,193,'2021-09-02 00:00:00.000000',5,270,0,0,'','2022-04-27 10:44:14.753850','2022-04-27 10:44:14.753850'),(272,197,'2019-07-26 00:00:00.000000',5,80,0,0,'Arbre en très bon état malgré un arrosage faible et une exposition très ensoleillée.','2022-04-27 10:44:53.466392','2022-04-27 10:44:53.466392'),(273,197,'2020-09-02 00:00:00.000000',3,90,0,0,'','2022-04-27 10:45:15.789990','2022-04-27 10:45:15.789990'),(274,195,'2020-09-02 00:00:00.000000',4,40,0,0,NULL,'2022-04-27 10:45:59.508617','2022-04-27 10:45:59.508617'),(275,195,'2021-09-02 00:00:00.000000',4,60,0,0,NULL,'2022-04-27 10:46:05.089950','2022-04-27 10:46:05.089950'),(276,196,'2019-07-26 00:00:00.000000',3,65,0,0,'Le plant se portait très bien jusqu\'à la canicule qui a séché une partie de feuille est ses fruits.','2022-04-27 10:46:50.344663','2022-04-27 10:46:50.344663'),(278,196,'2021-09-02 00:00:00.000000',3,45,0,0,'','2022-04-27 10:47:21.097296','2022-04-27 10:47:21.097296'),(279,196,'2020-09-02 00:00:00.000000',3,36,0,0,'','2022-04-27 10:47:30.304957','2022-04-27 10:47:30.304957'),(280,187,'2020-09-02 00:00:00.000000',5,47,0,0,NULL,'2022-04-27 10:48:13.457714','2022-04-27 10:48:13.457714'),(281,188,'2020-09-02 00:00:00.000000',4,48,0,0,NULL,'2022-04-27 10:49:06.041929','2022-04-27 10:49:06.041929'),(282,189,'2020-09-02 00:00:00.000000',5,75,0,0,NULL,'2022-04-27 10:49:41.180043','2022-04-27 10:49:41.180043'),(283,189,'2021-09-02 00:00:00.000000',5,125,0,0,NULL,'2022-04-27 10:49:49.878918','2022-04-27 10:49:49.878918'),(284,191,'2020-09-02 00:00:00.000000',5,160,0,0,NULL,'2022-04-27 10:50:24.175551','2022-04-27 10:50:24.175551'),(285,191,'2021-09-02 00:00:00.000000',5,180,0,0,'Premières grappes de raisins.','2022-04-27 10:50:38.430287','2022-04-27 10:50:38.430287'),(286,190,'2020-09-02 00:00:00.000000',5,75,0,0,NULL,'2022-04-27 10:51:34.479125','2022-04-27 10:51:34.479125'),(287,190,'2021-09-02 00:00:00.000000',5,160,0,0,'Forte croissance.','2022-04-27 10:51:42.377911','2022-04-27 10:51:42.377911'),(288,192,'2020-09-02 00:00:00.000000',5,35,0,0,'Il a été protégé à temps du redoux du printemps et se porte aujourd\'hui très bien.','2022-04-27 10:53:02.455249','2022-04-27 10:53:02.455249'),(289,192,'2021-09-02 00:00:00.000000',5,90,0,0,'Protection lors du gel printanier du mois d\'avril (-7°), caché par la végétation mais se porte bien.','2022-04-27 10:53:12.940031','2022-04-27 10:53:12.940031'),(290,206,'2020-09-02 00:00:00.000000',5,40,0,0,NULL,'2022-04-27 10:54:15.587993','2022-04-27 10:54:15.587993'),(291,206,'2021-09-02 00:00:00.000000',1,30,0,0,'Sort à peine de la végétation, a très mal vécu le gel printanier. ','2022-04-27 10:55:22.417460','2022-04-27 10:55:22.417460'),(292,198,'2020-09-02 00:00:00.000000',3,20,0,0,'Se porte bien malgré quelques difficulté lors des gelées du printemps. Mais on a réussi à le protéger à temps (voile d\'hivernage).','2022-04-27 10:55:57.690319','2022-04-27 10:55:57.690319'),(293,201,'2019-07-26 00:00:00.000000',3,50,0,0,'Le plant se portait très bien jusqu\'à la canicule qui a séché une partie de feuille est ses fruits.','2022-04-27 10:56:32.974725','2022-04-27 10:56:32.974725'),(294,201,'2020-09-02 00:00:00.000000',4,47,0,0,'','2022-04-27 10:56:54.327278','2022-04-27 10:56:54.327278'),(295,205,'2019-07-26 00:00:00.000000',3,30,0,0,'Le plant se portait très bien jusqu\'à la canicule qui a séché une partie de feuille est ses fruits.','2022-04-27 10:58:02.338241','2022-04-27 10:58:02.338241'),(296,205,'2020-09-02 00:00:00.000000',3,30,0,0,'','2022-04-27 10:58:14.590582','2022-04-27 10:58:14.590582'),(297,205,'2021-09-02 00:00:00.000000',4,40,0,0,'','2022-04-27 10:58:28.120262','2022-04-27 10:58:28.120262'),(298,204,'2019-07-26 00:00:00.000000',3,45,0,0,'Le plant se portait très bien jusqu\'à la canicule qui a séché une partie de feuille est ses fruits.','2022-04-27 10:58:50.273982','2022-04-27 10:58:50.273982'),(299,204,'2020-09-02 00:00:00.000000',4,40,0,0,'','2022-04-27 10:59:11.067710','2022-04-27 10:59:11.067710'),(300,204,'2021-09-02 00:00:00.000000',5,70,0,0,'','2022-04-27 10:59:23.110824','2022-04-27 10:59:23.110824'),(301,203,'2020-09-02 00:00:00.000000',4,200,0,0,NULL,'2022-04-27 10:59:54.096323','2022-04-27 10:59:54.096323'),(302,6,'2019-09-26 00:00:00.000000',5,16000,0,0,'Bon drainage à la plantation qui semble lui être favorable, il se porte à merveille et fait de nombreuses fleurs qui vont sans doute donner de beaux fruits.','2022-04-28 05:15:46.421843','2022-04-28 05:17:07.690244'),(303,6,'2020-09-02 00:00:00.000000',5,0,0,0,'','2022-04-28 05:16:15.825413','2022-04-28 05:16:15.825413'),(304,6,'2021-09-02 00:00:00.000000',5,0,12000,0,'Taillé en buisson, très vigoureux.','2022-04-28 05:16:42.208219','2022-04-28 05:16:42.208219'),(305,7,'2019-07-26 00:00:00.000000',5,30,0,0,'Très bonne reprise malgré la plantation tardive.','2022-04-28 05:17:29.538020','2022-04-28 05:17:29.538020'),(306,7,'2020-09-02 00:00:00.000000',3,0,0,0,'','2022-04-28 05:17:47.436029','2022-04-28 05:18:07.374121'),(307,8,'2019-07-26 00:00:00.000000',5,20,0,0,'Très bonne reprise malgré la plantation tardive.','2022-04-28 05:18:30.146406','2022-04-28 05:18:30.146406'),(308,215,'2019-07-26 00:00:00.000000',5,25,0,0,'Très bonne reprise malgré la plantation tardive','2022-04-28 05:19:07.331721','2022-04-28 05:20:04.000647'),(309,215,'2020-09-02 00:00:00.000000',4,0,0,0,'','2022-04-28 05:19:24.285175','2022-04-28 05:19:50.416234'),(310,300,'2019-07-26 00:00:00.000000',5,10,0,0,'Très bonne reprise malgré la plantation tardive.','2022-04-28 05:20:33.396606','2022-04-28 05:20:33.396606'),(312,216,'2019-07-26 00:00:00.000000',5,20,0,0,'Très bonne reprise malgré la plantation tardive.','2022-04-28 05:21:36.210340','2022-04-28 05:21:36.210340'),(313,216,'2020-09-02 00:00:00.000000',3,0,0,0,'','2022-04-28 05:21:51.260875','2022-04-28 05:21:51.260875'),(314,9,'2020-07-26 00:00:00.000000',3,30,0,0,'Se porte bien mais de moins bonne vigueur que l\'autre baie de goji planté à côté de lui légèrement plus tôt.','2022-04-28 05:24:58.596793','2022-04-28 05:24:58.596793'),(315,217,'2020-09-02 00:00:00.000000',3,0,0,0,NULL,'2022-04-28 05:25:28.288479','2022-04-28 05:25:56.924631'),(316,3,'2019-07-26 00:00:00.000000',3,70,0,0,'En très bon état malgré la partie haute qui a été mangée.','2022-04-28 05:26:42.945480','2022-04-28 05:26:42.945480'),(317,3,'2020-09-02 00:00:00.000000',4,165,0,0,'Forte croissance, il a beaucoup gagné en densité.','2022-04-28 05:27:05.075538','2022-04-28 05:27:05.075538'),(318,3,'2021-09-02 00:00:00.000000',5,200,0,20,'','2022-04-28 05:27:26.811877','2022-04-28 05:27:26.811877'),(319,214,'2020-09-02 00:00:00.000000',5,0,0,0,NULL,'2022-04-28 05:27:46.626537','2022-04-28 05:28:07.551391'),(320,214,'2021-09-02 00:00:00.000000',5,75,0,0,NULL,'2022-04-28 05:28:17.798931','2022-04-28 05:28:17.798931'),(321,219,'2020-09-02 00:00:00.000000',5,0,0,0,NULL,'2022-04-28 05:36:38.894603','2022-04-28 05:37:36.364214'),(322,213,'2020-09-02 00:00:00.000000',5,0,0,0,NULL,'2022-04-28 05:38:39.045755','2022-04-28 05:38:39.045755'),(323,213,'2021-09-02 00:00:00.000000',5,245,0,0,NULL,'2022-04-28 05:39:25.415354','2022-04-28 05:39:25.415354'),(324,220,'2020-09-02 00:00:00.000000',2,0,0,0,NULL,'2022-04-28 05:40:02.880642','2022-04-28 05:40:16.213552'),(325,220,'2021-09-02 00:00:00.000000',3,60,0,0,NULL,'2022-04-28 05:40:25.706455','2022-04-28 05:40:25.706455'),(326,221,'2020-09-02 00:00:00.000000',4,0,0,0,NULL,'2022-04-28 05:40:53.558790','2022-04-28 05:40:53.558790'),(327,223,'2019-07-26 00:00:00.000000',4,60,0,0,'Perte de la partie supérieure à cause d\'une blessure, mais l\'arbre se porte bien.','2022-04-28 05:50:35.492764','2022-04-28 05:50:35.492764'),(328,223,'2020-09-02 00:00:00.000000',4,120,0,0,NULL,'2022-04-28 05:51:26.046758','2022-04-28 05:51:26.046758'),(329,316,'2019-07-26 00:00:00.000000',4,163,0,0,NULL,'2022-04-28 05:52:16.990073','2022-04-28 05:52:16.990073'),(330,316,'2020-09-02 00:00:00.000000',4,215,0,0,'Semble bien profiter de sa situation privilégiée en bordure du potager. ','2022-04-28 05:53:09.282105','2022-04-28 05:53:09.282105'),(331,227,'2019-07-26 00:00:00.000000',3,10,0,0,'Vigne presque morte suite à la canicule mais repart de plus belle.','2022-04-28 05:53:51.105067','2022-04-28 05:53:51.105067'),(332,227,'2020-09-02 00:00:00.000000',5,35,0,0,'','2022-04-28 05:54:09.080413','2022-04-28 05:54:09.080413'),(333,313,'2020-09-02 00:00:00.000000',3,140,0,0,NULL,'2022-04-28 05:55:09.496033','2022-04-28 05:55:09.496033'),(334,313,'2021-09-02 00:00:00.000000',5,235,0,40,NULL,'2022-04-28 05:55:27.676899','2022-04-28 05:55:27.676899'),(335,212,'2020-09-02 00:00:00.000000',4,147,0,0,NULL,'2022-04-28 05:55:57.463232','2022-04-28 05:55:57.463232'),(336,317,'2019-07-26 00:00:00.000000',4,150,0,0,NULL,'2022-04-28 05:57:28.601350','2022-04-28 05:57:28.601350'),(337,317,'2020-09-02 00:00:00.000000',4,215,0,0,'Semble bien profiter de sa situation privilégiée au sein du potager. ','2022-04-28 05:57:59.157572','2022-04-28 05:57:59.157572'),(338,286,'2020-09-02 00:00:00.000000',3,75,0,0,NULL,'2022-04-28 05:58:33.050997','2022-04-28 05:58:33.050997'),(339,211,'2020-09-02 00:00:00.000000',4,150,0,0,NULL,'2022-04-28 05:59:21.122228','2022-04-28 05:59:21.122228'),(340,211,'2021-09-02 00:00:00.000000',5,200,0,25,NULL,'2022-04-28 05:59:44.218472','2022-04-28 05:59:44.218472'),(341,210,'2020-09-02 00:00:00.000000',4,145,0,0,NULL,'2022-04-28 06:00:10.011875','2022-04-28 06:00:10.011875'),(342,314,'2020-09-02 00:00:00.000000',4,38,0,0,NULL,'2022-04-28 06:01:05.204699','2022-04-28 06:01:05.204699'),(343,315,'2020-09-02 00:00:00.000000',4,30,0,0,NULL,'2022-04-28 06:01:21.036571','2022-04-28 06:01:21.036571');
/*!40000 ALTER TABLE `PlantationHistory` ENABLE KEYS */;
UNLOCK TABLES;

--
-- Table structure for table `PlantationHistoryPhoto`
--

DROP TABLE IF EXISTS `PlantationHistoryPhoto`;
/*!40101 SET @saved_cs_client     = @@character_set_client */;
/*!40101 SET character_set_client = utf8 */;
CREATE TABLE `PlantationHistoryPhoto` (
  `code` int(11) NOT NULL AUTO_INCREMENT,
  `codeHistory` int(11) NOT NULL,
  `filename` varchar(256) DEFAULT NULL,
  PRIMARY KEY (`code`),
  KEY `IX_PlantationHistoryPhoto_codeHistory` (`codeHistory`),
  CONSTRAINT `FK_PlantationHistoryPhoto_PlantationHistory_codeHistory` FOREIGN KEY (`codeHistory`) REFERENCES `PlantationHistory` (`code`) ON DELETE CASCADE
) ENGINE=InnoDB AUTO_INCREMENT=229 DEFAULT CHARSET=utf8mb4;
/*!40101 SET character_set_client = @saved_cs_client */;

--
-- Dumping data for table `PlantationHistoryPhoto`
--

LOCK TABLES `PlantationHistoryPhoto` WRITE;
/*!40000 ALTER TABLE `PlantationHistoryPhoto` DISABLE KEYS */;
INSERT INTO `PlantationHistoryPhoto` VALUES (2,5,'9aac51a1-0ddd-4607-86cc-404b73316262.JPG'),(3,2,'de729b88-ee19-4dfc-b793-45178d64e45f.JPG'),(4,7,'79abdccf-7b24-4236-b2a9-be86be1bed4d.JPG'),(6,9,'2d6f387e-1133-4557-817a-19b1ea7df3cf.JPG'),(7,12,'d3549c41-8ae4-4961-998b-2d427762ab4d.JPG'),(8,13,'6613b533-6725-487f-8950-8141e3baad28.JPG'),(32,48,'6c7ddd20-f7c0-4b89-8551-bf075d0fd899.JPG'),(33,50,'928f5106-c00c-4ca9-9d0f-0c6d5995bb75.JPG'),(34,57,'1a6d4f2a-d9fd-4097-a1ca-c4ba42c7fd3b.JPG'),(35,59,'bf6f16e8-985d-466e-a961-7fc90ee7c4e7.JPG'),(36,60,'3740412e-5eb5-4ba1-847c-bfa8586cbbd1.JPG'),(37,62,'1c8797df-a58f-4914-bdf7-3e93d198527c.JPG'),(38,64,'3b88189a-b949-4168-ab04-408c5857bedb.JPG'),(39,66,'9d276e59-2ccb-4db8-83f7-60c6e87343ee.JPG'),(40,68,'ff949f5e-feab-4da0-ba2b-d5ed02ef7917.JPG'),(41,69,'ff75453d-4142-4e1c-80bd-5aa88573e442.JPG'),(42,71,'900b0ade-43be-4f58-b344-47d336cc8bf7.JPG'),(43,72,'3958f0fa-68da-4b07-9b52-5a9e61af487f.JPG'),(44,77,'69fcb894-02a7-4e18-bfd3-c9e508273544.JPG'),(45,75,'c1bd849b-7d8e-4843-8b51-7376ae5a5718.JPG'),(46,78,'9d162f29-1447-4f90-a01c-56e4ef4a4a9a.JPG'),(47,79,'88696a6f-cd48-4bb3-868c-7e1c13388388.JPG'),(48,81,'326b97f7-fc10-40e5-b1df-c708156c9cfc.JPG'),(49,82,'283cc293-a427-491d-8d4d-a1bbc72a146b.JPG'),(50,84,'7e2abd1a-364a-4bbe-8ba7-62e45b878eb1.JPG'),(51,85,'6d26d24b-4d2f-4975-815f-ab2720644e68.JPG'),(52,46,'c78b3661-04f0-4d44-b65c-3fa2fd36d7d3.JPG'),(53,44,'98012e07-9247-4cec-a7cf-361f0a9e0f8c.JPG'),(54,41,'3039d7bf-a59d-40e6-8569-ff60c52b1031.JPG'),(55,42,'2524f77c-885d-41de-8c84-4a38db3e5976.JPG'),(56,15,'e215fd50-0301-483b-a401-9baecf2a9bf8.JPG'),(57,16,'e99d156c-0ba6-4e12-96f5-a763552d53ba.JPG'),(58,16,'fee50b4e-8f4f-43d3-b0b9-a7ff6542e337.JPG'),(59,18,'28df0b94-e8ba-48d9-93fc-28659c78b78f.JPG'),(60,19,'f1a91229-13ff-4f86-80aa-362edc1c8910.JPG'),(61,21,'1cdcbd89-772e-4a21-98d0-f5803beb5d2a.JPG'),(62,22,'2b265117-96bc-48d6-9b45-9b9f98b3ff55.JPG'),(63,24,'7288b5c2-37e5-48c0-baed-6ed795d5772e.JPG'),(64,25,'9cd98216-645d-482e-bc83-eaad8c61aa2a.JPG'),(65,27,'5690c3e8-998b-4486-b48d-812380afa1ac.JPG'),(66,28,'21c4540f-3b8c-4d29-8a28-87eff4ff6649.JPG'),(67,30,'512cc32e-da23-4fd0-9cc4-ec16ac0b3dff.JPG'),(68,32,'812ced9b-48a7-43fe-8d73-85b44846fd13.JPG'),(69,34,'88e606af-2816-4b42-b2c5-cc1be46ac043.JPG'),(70,35,'b9739884-dcb4-4a70-95f4-70fca4b2b221.JPG'),(71,35,'942a61b0-a95e-45af-89c1-45545d5de1c1.JPG'),(72,35,'3d82b8d2-1188-427e-a217-9aad8e54cb39.JPG'),(73,37,'ea0ee2da-d094-4a2f-8680-00ed38d423a9.JPG'),(74,39,'8dd58c33-e3c6-4b7f-8a0a-9142bc2b0259.JPG'),(75,87,'abfc5361-900a-4797-acde-4c43a3f4c312.JPG'),(76,88,'0541412f-ee51-489f-b13b-dddc3059f692.JPG'),(78,90,'6c81a902-59b6-43dc-a6fa-de01fe425594.JPG'),(79,92,'df33e97e-023c-4fa2-900c-41334585718c.JPG'),(80,94,'6fdaf271-fb51-4712-89ba-e7d415c4cff3.JPG'),(81,96,'14425717-cda1-4e77-8ba6-27bbbd56b6ea.JPG'),(82,97,'a3dd3b69-1adf-4b49-9097-6bb5f82ceb5a.JPG'),(83,99,'94cb81f9-1dc6-4dc7-99b2-128504497dbc.JPG'),(84,101,'acfb8bf4-a2b0-4eca-ba1e-8fd4bee11732.JPG'),(85,103,'aa638a10-113e-4828-9ed0-5c5d75f1a6ec.JPG'),(86,105,'5033ad76-dcc3-4a05-b7bc-0c4dbbfc3b8a.JPG'),(87,106,'5328204b-a86a-4aaf-a744-8dd3adae6e13.JPG'),(88,108,'cd3f809c-ce25-4a2d-9088-84aaa9bb79c2.JPG'),(89,109,'c278bb16-6391-4259-b12f-254cc921e320.JPG'),(90,111,'6a94601b-7e34-4cb9-ae55-163445e8865f.JPG'),(91,112,'e213c5ab-cdff-4a84-a7f0-9ccd3b8499e9.JPG'),(92,114,'5a13563e-ba85-4bc3-ae25-274bbe2bce0d.JPG'),(93,115,'a7704439-2400-44b5-b215-c386c4a1d014.JPG'),(94,117,'20d88c51-d746-4dc2-958b-bc2b996f57da.JPG'),(95,118,'e178f9d5-768c-4809-a68b-0cdff1915f71.JPG'),(96,119,'27516e19-e2eb-422a-afed-07dc3ede39ef.JPG'),(97,121,'65e989c3-15eb-47be-82c2-f0ae74dec79b.JPG'),(98,122,'5a2bfa6b-0d55-4058-966e-4813487f0054.JPG'),(99,124,'51a97a77-07d1-4dac-9d16-88ca73f4127a.JPG'),(100,127,'32bf15b6-04f9-4bc8-a75d-6a7c4bde329a.JPG'),(101,128,'15d074e5-e414-4de9-86dc-1f9f68eaab39.JPG'),(102,130,'72a62bb2-2251-4237-9f54-822b48dfcabe.JPG'),(103,132,'5c0b742d-a4b0-42a2-a2a1-36143d5d8419.JPG'),(104,134,'790221ff-8e3b-43ff-a4eb-6a0fe546cfee.JPG'),(105,135,'dfda8403-ccc6-49a4-925a-78438f855573.JPG'),(106,137,'5423c84a-724d-44e5-8d95-df5379f8e88f.JPG'),(107,139,'7dc217c9-0577-4d9f-841e-43899bd2d421.JPG'),(108,141,'5fdbf461-4dbb-4a60-99d8-d3947366f96e.JPG'),(109,143,'b41f7b81-47b2-49b1-b6d0-8667815cc951.JPG'),(110,145,'1031c1e7-e15b-4a82-bdd2-e50bb2c350ea.JPG'),(111,146,'af0898e8-7d8d-4f70-8068-d31f5fe28ddf.JPG'),(112,148,'c0cce06b-1b62-4247-bd4b-edf821d5cd81.JPG'),(113,149,'463d4bd4-1e6a-4073-bbd2-67167bcd8538.JPG'),(114,150,'6b381751-1eb9-4dc5-84d1-ac416a32be8a.JPG'),(115,152,'5d398134-bba0-4f8a-8ec1-86a2a9187403.JPG'),(116,153,'442d8fcc-646d-471e-8bf1-db800bbd12af.JPG'),(117,154,'015d6480-b327-4c99-b939-be52c8f337b9.JPG'),(118,157,'ee399ebc-2db8-4c77-8892-bbcfc661341c.JPG'),(119,158,'24242ad8-5815-4868-931c-be8bca34dda3.JPG'),(120,159,'149ace43-2963-4dd4-a478-07d9a0a935f6.JPG'),(121,160,'5d5b7456-0d0b-49ba-995b-3452b5e4f2c4.JPG'),(122,163,'7a10b388-c6c7-4c03-b9d4-43466e22ff2b.JPG'),(123,164,'a8d712c4-f28b-4673-ac2e-f5b82586fedc.JPG'),(124,167,'4c1db5bd-a06d-4670-8c03-b5ca2437a12b.JPG'),(125,169,'6175fd2a-77f4-4096-823b-526f5420623d.JPG'),(126,170,'5a1f2059-eac8-46d7-a807-2b6b1dc487fb.JPG'),(127,172,'d0113892-c443-4b23-a34f-19de2985fcd7.JPG'),(128,174,'eb24ecd7-779f-4ba2-8f5a-1267942e3e38.JPG'),(129,176,'3880bfc9-9fab-4be1-9bf4-a00b646700cf.JPG'),(130,178,'d9d178f3-6160-4c38-99e5-38c8433793bd.JPG'),(131,179,'b514c775-fe09-4266-ae09-b001121092b6.JPG'),(132,181,'2b41aaf8-a675-4667-9926-a333170e994b.JPG'),(133,182,'4ea2ca91-7639-42bc-a925-36d863a4b203.JPG'),(134,183,'9c360424-60fc-4b72-85f7-6c4d5c105406.JPG'),(135,184,'4b9e3433-a51d-4411-8e5e-86658c60cbf4.JPG'),(136,186,'2c57fa8d-0c82-4ce0-b36f-b502dfd0d193.JPG'),(137,187,'8bc95573-202c-4433-8d15-e2aee72320c5.JPG'),(138,190,'1672dfa8-90b3-4b33-86fe-d1bd7f8e91d4.JPG'),(139,191,'af70afeb-7e81-4f11-aceb-9730c3e30315.JPG'),(140,193,'0d6e79ec-712c-44ad-81f5-05b7952d0085.JPG'),(141,194,'f4820a34-4faa-4f80-abe9-a1fe896b4896.JPG'),(142,196,'428edd5f-3b7e-4788-9bbc-67117e265d51.JPG'),(143,198,'802ccdd6-933f-47aa-b2f2-374b0cd22bc4.JPG'),(144,199,'8e7659f6-5f4e-4759-b3b6-a71c07ffe2a1.JPG'),(145,201,'68f7eed1-f990-4af7-957b-54405d27c366.JPG'),(146,203,'d49e30db-e6bd-4734-8f4d-e85803ac5a45.JPG'),(147,205,'25bcfa2e-d9a6-4954-979c-8f1cbc52e595.JPG'),(148,206,'bd4388f5-4ce8-4392-bc84-b716fd2788a6.JPG'),(149,207,'52476e02-2306-4f9c-97b0-6a62ff3d2399.JPG'),(150,209,'2424c85e-0121-467d-8453-66bcef28571a.JPG'),(151,210,'cbf3057a-fc27-4c92-8faf-084ab5828c44.JPG'),(152,211,'c84a7eae-cb34-4c8e-9aa2-edf05da9e435.JPG'),(153,212,'9f69ae56-3875-42d6-93c2-6810a2a2295c.JPG'),(154,213,'3c0accce-c777-43db-83b3-74d62347f2ab.JPG'),(155,214,'b3b9c609-0dac-4b34-abc4-681faeedef30.JPG'),(156,215,'1c57bab3-6438-42bc-a63d-ee80502e9305.JPG'),(157,218,'2a0758dd-6179-4986-be6e-daaa6aad2dad.JPG'),(158,219,'2da87c5d-ae39-47e2-8669-726a3e857de7.JPG'),(160,220,'b9655210-9983-43b1-97f2-e3e91f417c73.JPG'),(161,221,'fe938bc9-876f-4821-a02a-9d994d33c545.JPG'),(162,223,'ba399cbb-0fd3-4dab-9d1f-56b6e08716e7.JPG'),(163,224,'48619092-6258-447d-a879-b42b1eaf3e99.JPG'),(164,226,'45ceb0eb-f010-4c97-be2c-e2f566b80188.JPG'),(165,227,'db4d790b-cdd2-4007-809c-159c59f06ba1.JPG'),(166,229,'efb980d9-6608-4b4c-9c14-684926a395d8.JPG'),(167,231,'46023ffb-fad2-4de2-86d4-f7fdf7d05de4.JPG'),(168,232,'ab6d9727-cfa0-40ab-ac90-6cfe8ea651a1.JPG'),(169,236,'757ecd49-3762-44f7-8e91-4c7a9202b4d6.JPG'),(170,238,'41383ed9-6aa8-40f5-8794-7053458a936f.JPG'),(171,246,'d030725d-1ba2-45d4-97b4-170f1fcb84a8.JPG'),(172,243,'f4d6cab5-947b-42c8-be55-73f1cbbebfeb.JPG'),(173,249,'a2b07460-cf64-484b-a801-4c50613c79f7.JPG'),(174,253,'79c5f1b1-1b79-4d5e-beb0-dd0f9ae2386e.JPG'),(175,240,'bff38436-1b4b-4c18-a55a-622f02586aab.JPG'),(176,256,'fdd417e3-a308-4246-849e-0d62be9fd0e3.JPG'),(177,258,'b7474cea-829b-4918-b6cb-5f845686b4cd.JPG'),(178,259,'acc8d75b-7909-4ec8-81eb-f682c25d40e0.JPG'),(179,260,'d3b2da7e-614e-455a-801d-9fd1cad4c85a.JPG'),(180,262,'8caad742-b070-432e-ba68-581f086bdcbc.JPG'),(181,263,'5cb4e93b-bac0-4016-8f04-aa988957230c.JPG'),(182,265,'48516a86-d9fe-4780-88d5-9145a5ea7586.JPG'),(183,266,'abad2be0-04ff-4e9b-89ea-b106582b7c11.JPG'),(184,267,'aca3231c-b973-46e3-82a3-871d12af1144.JPG'),(185,269,'f70a791c-d114-4377-af68-db175b085484.JPG'),(186,270,'21c89fb1-a121-4db9-9ebc-69f4090c3121.JPG'),(187,272,'946bd39c-042f-42fc-bf1b-4837f23973dd.JPG'),(188,273,'172c201c-e5e0-48e4-b980-4a070fe175a6.JPG'),(189,274,'8b6d045e-cdfe-482d-bd50-d89cf2230b2f.JPG'),(190,276,'804138c3-e8f8-4b1d-88ea-4cf860283472.JPG'),(191,279,'9971c0db-33d0-4afa-b8b6-57ecd9155e5e.JPG'),(192,284,'11568baf-4a31-4c25-9177-03dd5fed1ab1.JPG'),(193,286,'ff32c19c-3544-4864-82b5-a5fe5816330a.JPG'),(194,288,'c270dcb5-6989-405f-8992-44987dd272e5.JPG'),(195,290,'f3737c0f-645e-4f82-9140-1d27e4168a78.JPG'),(196,292,'3e31ffd0-eb80-40a9-8516-2d8bf8f192ac.JPG'),(197,293,'0bb40f17-5181-4c63-809b-2e24c908677d.JPG'),(198,294,'1a26d621-9da0-43b9-9d28-3237419ac011.JPG'),(199,295,'33d8bb13-266d-4d56-b0fe-576a8923d758.JPG'),(200,296,'0f875258-2406-427e-8390-74caf6ff2cb7.JPG'),(201,298,'761bbc83-c21a-480d-8b57-4b855342e651.JPG'),(202,299,'636b2e8a-1e41-486d-a63d-0e8ad99f9fc7.JPG'),(203,302,'4acd3461-34b6-4d82-926c-9870f43372f7.JPG'),(204,303,'89cff916-479d-40b4-94c7-112128602076.JPG'),(205,305,'1723c777-103c-4514-b7c8-c58f3997fb48.JPG'),(206,306,'b9134595-3a62-4251-8444-7db37c54fe62.JPG'),(207,307,'e43c8168-3d5f-4c8d-b6da-20aef5a20191.JPG'),(208,308,'28593aed-363f-4b7f-ae4d-6208cb10dd33.JPG'),(209,309,'7d1db411-fc68-4888-a8df-6e601db8add4.JPG'),(210,310,'c9fc035b-77be-411f-84de-4a0b5c370efd.JPG'),(211,312,'6b0b83fa-0466-4e4a-9e53-bd881e5aa52b.JPG'),(212,313,'1130551a-4823-468d-af79-b6a34a66902a.JPG'),(213,314,'ec0696c8-7b05-4468-b815-0270033de1b2.JPG'),(214,315,'82c8e757-e48d-4765-a66c-2451124ac352.JPG'),(215,316,'1835ac2b-1ce4-44cd-bb72-455df4f76609.JPG'),(216,317,'2cb53eaa-ab53-4f97-ab31-5636463678c9.JPG'),(217,319,'44ebc682-d693-474b-b03c-e80f7b98c53e.JPG'),(218,321,'74b62f69-71d9-4daa-8afd-1bf12803b4fd.JPG'),(219,322,'739e03cf-84b1-4212-820c-39740d53fbe2.JPG'),(220,324,'49a1f1e7-4ffa-4cf2-ae69-dcc87a226cad.JPG'),(221,326,'ea4e4910-ec78-44cc-b0a4-efb262806bbb.JPG'),(223,328,'513d3c7c-c0de-44de-9d42-51b31183cfa5.JPG'),(224,330,'8c578182-7b11-4524-9d42-4e4cff2d3758.JPG'),(225,332,'0dc627be-be20-48fe-9116-12f89bd914b5.JPG'),(226,333,'1c2893a3-a329-435c-a637-3d11014af207.JPG'),(227,337,'6d772b43-43dd-4ec5-8e55-56060badf97e.JPG'),(228,339,'420f35b6-2799-4563-96b7-46b8c700b0fe.JPG');
/*!40000 ALTER TABLE `PlantationHistoryPhoto` ENABLE KEYS */;
UNLOCK TABLES;

--
-- Table structure for table `Plantations`
--

DROP TABLE IF EXISTS `Plantations`;
/*!40101 SET @saved_cs_client     = @@character_set_client */;
/*!40101 SET character_set_client = utf8 */;
CREATE TABLE `Plantations` (
  `code` int(11) NOT NULL AUTO_INCREMENT,
  `codePlant` int(11) NOT NULL DEFAULT '0',
  `codeGroup` int(11) DEFAULT NULL,
  `name` longtext CHARACTER SET utf8mb4 NOT NULL,
  `codeStratum` int(11) NOT NULL,
  `codeProject` int(11) NOT NULL,
  `latitude` double NOT NULL,
  `longitude` double NOT NULL,
  `height` int(11) NOT NULL,
  `span` int(11) NOT NULL,
  `iconSrc` longtext CHARACTER SET utf8mb4,
  `comment` varchar(2048) CHARACTER SET utf8mb4 DEFAULT NULL,
  `dtCreation` datetime(6) NOT NULL,
  `dtUpdate` datetime(6) NOT NULL,
  `codeRootstock` int(11) DEFAULT NULL,
  `codeVariety` int(11) DEFAULT NULL,
  `plantingYear` datetime(6) DEFAULT NULL,
  `shortName` varchar(50) CHARACTER SET utf8mb4 DEFAULT NULL,
  `visible` tinyint(1) NOT NULL,
  `codeNursery` int(11) DEFAULT NULL,
  `locationDescription` varchar(2048) CHARACTER SET utf8mb4 DEFAULT NULL,
  PRIMARY KEY (`code`),
  KEY `IX_Plantations_codeGroup` (`codeGroup`),
  KEY `IX_Plantations_codeProject` (`codeProject`),
  CONSTRAINT `FK_Plantations_GroupsPlantations_codeGroup` FOREIGN KEY (`codeGroup`) REFERENCES `GroupsPlantations` (`code`),
  CONSTRAINT `FK_Plantations_Projects_codeProject` FOREIGN KEY (`codeProject`) REFERENCES `Projects` (`code`) ON DELETE CASCADE
) ENGINE=InnoDB AUTO_INCREMENT=341 DEFAULT CHARSET=latin1;
/*!40101 SET character_set_client = @saved_cs_client */;

--
-- Dumping data for table `Plantations`
--

LOCK TABLES `Plantations` WRITE;
/*!40000 ALTER TABLE `Plantations` DISABLE KEYS */;
INSERT INTO `Plantations` VALUES (1,440,1,'Chalef argenté',2,1,43.551841735839844,3.856478452682495,4,4,'T53.png','A priori Umbellata \"Fortunella\" ou Umbellata \"Amoroso\"','2022-03-25 07:20:11.025307','2022-04-24 17:54:13.449583',NULL,NULL,'2019-11-24 00:00:00.000000',NULL,1,13,'Plein soleil.'),(2,655,1,'Arbre aux faisans',3,1,43.55183792114258,3.856506586074829,2,2,'T62.png','','2022-03-25 07:30:46.132662','2022-04-24 17:54:07.157634',NULL,44,'2020-11-22 00:00:00.000000',NULL,1,1,'Plein soleil.'),(3,226,1,'Poirier',2,1,43.551815032958984,3.8565328121185303,5,4,'T7.png','','2022-03-25 07:31:07.823248','2022-04-24 17:57:03.901312',48,2202,'2018-11-25 00:00:00.000000',NULL,1,1,'Plein soleil. '),(4,226,25,'Poirier',2,1,43.55186462402344,3.856490135192871,9,4,'T7.png','','2022-04-01 07:01:42.041359','2022-04-24 16:21:51.793630',NULL,1651,'2018-11-25 00:00:00.000000',NULL,1,1,'Soleil jusqu\'en début d\'après-midi.'),(5,229,2,'Pommier',2,1,43.55186462402344,3.856524705886841,3,6,'T11.png','','2022-04-01 07:10:10.752847','2022-04-24 17:17:13.966386',30,353,'2019-11-24 00:00:00.000000',NULL,1,1,'Plein soleil.'),(6,335,1,'Goji',7,1,43.55181884765625,3.8564746379852295,2,3,'C8.png','Acheté au marché aux plantes à Montpellier. ','2022-04-02 06:47:36.674601','2022-04-24 17:55:26.124050',NULL,NULL,'2019-04-06 00:00:00.000000','',1,NULL,'Plein soleil. '),(7,278,1,'Vigne 1',7,1,43.55181884765625,3.8564817905426025,6,3,'C9.png','Offert par Thomas.','2022-04-02 06:50:33.159663','2022-04-24 17:57:16.018985',NULL,NULL,'2019-04-13 00:00:00.000000','',1,NULL,'Plein soleil. '),(8,278,1,'Vigne 2',7,1,43.55181884765625,3.856491804122925,6,3,'C9.png','Offert par Thomas.','2022-04-02 06:52:57.310607','2022-04-24 17:57:19.092974',NULL,NULL,'2019-04-13 00:00:00.000000','',1,NULL,'Plein soleil. '),(9,335,1,'Goji (variété ancienne)',7,1,43.551815032958984,3.8564984798431396,2,3,'C8.png','Variété ancienne offerte par Thomas, acheté aux journées de l\'arbre et du fruit à Saint Jean du Gard. ','2022-04-02 06:53:20.768532','2022-04-24 17:55:37.079230',NULL,NULL,'2019-11-24 00:00:00.000000','',1,8,'Plein soleil. '),(10,1,2,'Abricotier',2,1,43.551876068115234,3.856579303741455,5,4,'T19.png',NULL,'2022-04-02 06:58:47.964053','2022-04-24 17:17:19.042597',9,16,'2018-11-25 00:00:00.000000',NULL,1,1,'Plein soleil.'),(11,440,2,'Chalef argenté',2,1,43.55183792114258,3.856571674346924,4,4,'T53.png',NULL,'2022-04-02 07:00:16.431035','2022-04-24 17:19:56.587945',NULL,NULL,'2018-11-25 00:00:00.000000',NULL,1,1,'Plein soleil. '),(12,109,2,'Feijoa',2,1,43.551849365234375,3.8566157817840576,5,5,'T6.png',NULL,'2022-04-02 07:00:38.959231','2022-04-24 17:25:18.959316',NULL,5124,'2018-11-25 00:00:00.000000',NULL,1,1,'Plein soleil.'),(13,80,2,'Citronnier',2,1,43.55179977416992,3.8566105365753174,6,4,'T8.png','Offert par Véro, Fred et Maylie. A priori il s\'agit d\'un citronnier des 4 saisons. ','2022-04-02 07:05:15.248791','2022-04-24 17:26:57.490850',NULL,2670,'2019-04-13 00:00:00.000000',NULL,1,NULL,'Plein soleil mais partiellement ombragé par les ronces.'),(14,167,2,'Mandarinier (Chinotto)',2,1,43.55178451538086,3.856610059738159,3,2,'T4.png','Offert par Jean-Pierre et Anne-Marie Feltz, les parents de Christophe qui a créé le lieu. Cet arbre a poussé en terrasse en pot en Alsace où il a donné son premier fruit. ','2022-04-02 07:05:35.079140','2022-04-24 17:18:36.590763',NULL,NULL,'2019-03-09 00:00:00.000000',NULL,1,NULL,'Au milieu des ronces. '),(15,80,2,'Citronnier',2,1,43.5517578125,3.85662841796875,6,4,'T8.png','Offert par Jean-Pierre et Anne-Marie Feltz, les parents de Christophe qui a créé le lieu. Cet arbre a poussé en terrasse en pot en Alsace où il a donné son premier fruit. ','2022-04-02 07:05:41.207229','2022-04-24 17:19:35.145152',NULL,NULL,'2019-03-09 00:00:00.000000',NULL,1,NULL,'Partiellement ombragé par les ronces.'),(16,204,2,'Oranger',2,1,43.55179977416992,3.856649875640869,8,4,'T4.png',NULL,'2022-04-02 07:07:24.770870','2022-04-24 17:18:57.463081',NULL,5069,'2020-04-11 00:00:00.000000',NULL,1,11,'Plein soleil, entouré par la mare. '),(17,109,2,'Feijoa',2,1,43.5517578125,3.8566503524780273,5,5,'T6.png',NULL,'2022-04-03 09:10:11.649630','2022-04-24 17:34:46.388018',NULL,5123,'2018-11-25 00:00:00.000000',NULL,1,1,'Plein soleil mais partiellement protégé par la végétation qui l\'entoure.'),(18,109,2,'Feijoa',2,1,43.5517692565918,3.8566701412200928,5,5,'T6.png',NULL,'2022-04-03 09:10:41.905632','2022-04-24 17:19:12.446595',NULL,5125,'2018-11-25 00:00:00.000000',NULL,1,1,'Plein soleil. '),(20,243,3,'Sauge officinale',4,1,43.55183029174805,3.8566646575927734,45,125,'G16.png','Bouture offerte par Julie de Latt\'Arôme. ','2022-04-03 09:13:52.350558','2022-04-24 17:11:00.622103',NULL,NULL,'2019-04-14 00:00:00.000000',NULL,1,NULL,'Plein soleil et au bord de la mare.'),(22,65,3,'Cassissier',3,1,43.55183792114258,3.8566462993621826,2,1,'T24.png',NULL,'2022-04-03 09:15:13.338244','2022-04-24 17:08:12.022437',NULL,5024,'2019-11-24 00:00:00.000000',NULL,1,2,'Plein soleil et au bord de la mare. '),(24,275,3,'Verveine citronelle',4,1,43.55183792114258,3.856640100479126,80,55,'G1.png','Acheté au marché aux plantes à Montpellier.','2022-04-03 09:21:25.132544','2022-04-24 17:11:15.556711',NULL,NULL,'2019-04-07 00:00:00.000000',NULL,1,NULL,'Plein soleil et au bord de la mare. '),(25,129,2,'Groseillier',3,1,43.55189895629883,3.8566179275512695,2,1,'T24.png',NULL,'2022-04-03 09:23:00.040858','2022-04-24 17:18:16.734221',NULL,3641,'2020-11-22 00:00:00.000000',NULL,1,1,'Plein soleil mais envahi par la végétation (principalement du brocoli sauvage).'),(26,129,2,'Groseillier',3,1,43.55190658569336,3.8565995693206787,2,1,'T24.png',NULL,'2022-04-03 09:23:26.794516','2022-04-24 17:18:14.044658',NULL,3661,'2020-11-22 00:00:00.000000',NULL,1,1,'Plein soleil mais envahi par la végétation (principalement du brocoli sauvage).'),(27,129,2,'Groseillier',3,1,43.551910400390625,3.8566057682037354,2,1,'T24.png',NULL,'2022-04-03 09:23:38.298669','2022-04-24 17:18:10.944890',NULL,3661,'2020-11-22 00:00:00.000000',NULL,1,1,'Plein soleil mais envahi par la végétation (principalement du brocoli sauvage).'),(28,129,2,'Groseillier',3,1,43.551918029785156,3.8566267490386963,2,1,'T24.png',NULL,'2022-04-03 09:23:48.130601','2022-04-24 17:18:07.943725',NULL,3644,'2020-11-22 00:00:00.000000',NULL,1,1,'Plein soleil mais envahi par la végétation (principalement du brocoli sauvage).'),(29,65,2,'Cassissier',3,1,43.5518798828125,3.8566088676452637,2,1,'T24.png','Bouture offerte et réalisée par Aude. ','2022-04-03 09:24:22.275542','2022-04-24 17:18:00.659957',NULL,5028,'2020-11-22 00:00:00.000000',NULL,1,NULL,'Plein soleil mais envahi par la végétation (principalement du brocoli sauvage).'),(30,300,2,'Chalef de ebbing',3,1,43.55192184448242,3.856606960296631,3,3,'T18.png',NULL,'2022-04-03 09:24:40.474957','2022-04-24 17:19:48.417017',NULL,NULL,'2021-05-08 00:00:00.000000',NULL,1,10,'Plein soleil. '),(31,550,2,'Amélanchier',2,1,43.551918029785156,3.856581449508667,5,3,'T6.png',NULL,'2022-04-03 09:25:10.726436','2022-04-24 17:17:32.576295',NULL,5043,'2020-11-22 00:00:00.000000',NULL,1,1,'Plein soleil.'),(32,130,24,'Gr. à maquereau',3,1,43.551937103271484,3.856539726257324,2,1,'T24.png',NULL,'2022-04-04 19:01:46.854626','2022-04-23 18:25:45.980119',NULL,3533,'2020-11-22 00:00:00.000000',NULL,1,1,NULL),(34,660,24,'Artichaut',4,1,43.551944732666016,3.8565428256988525,125,125,'G17.png','Acheté au marché en 2018, puis divisé en 5 l\'hiver 2020. ','2022-04-04 19:23:25.356811','2022-04-24 16:10:01.653647',NULL,NULL,'2020-12-10 00:00:00.000000',NULL,1,NULL,'Plein soleil.'),(35,130,24,'Gr. à maquereau',3,1,43.55195236206055,3.856545925140381,2,1,'T24.png',NULL,'2022-04-04 19:23:54.401378','2022-04-23 18:25:46.030776',NULL,3533,'2020-11-22 00:00:00.000000',NULL,1,1,NULL),(36,660,24,'Artichaut',4,1,43.55195999145508,3.856549024581909,125,125,'G17.png','Acheté au marché en 2018, puis divisé en 5 l\'hiver 2020. ','2022-04-04 19:24:41.238332','2022-04-24 16:10:05.358671',NULL,NULL,'2020-12-10 00:00:00.000000',NULL,1,NULL,'Plein soleil.'),(37,130,24,'Gr. à maquereau',3,1,43.55196762084961,3.856553316116333,2,1,'T24.png',NULL,'2022-04-04 19:25:37.802463','2022-04-23 18:25:45.975151',NULL,3533,'2020-11-22 00:00:00.000000',NULL,1,1,NULL),(38,651,24,'Rosier rugueux (Hansa)',3,1,43.551971435546875,3.8565561771392822,2,2,NULL,NULL,'2022-04-04 19:26:38.362610','2022-04-23 18:24:56.950883',NULL,NULL,'2020-11-22 00:00:00.000000',NULL,1,1,NULL),(39,130,24,'Gr. à maquereau',3,1,43.551937103271484,3.8565597534179688,2,1,'T24.png',NULL,'2022-04-04 19:27:13.803238','2022-04-23 18:25:45.612169',NULL,3545,'2020-11-22 00:00:00.000000',NULL,1,1,NULL),(40,130,24,'Gr. à maquereau',3,1,43.55193328857422,3.8565800189971924,2,1,'T24.png',NULL,'2022-04-04 19:27:55.945845','2022-04-23 18:25:45.976990',NULL,3545,'2020-11-22 00:00:00.000000',NULL,1,1,NULL),(41,130,24,'Gr. à maquereau',3,1,43.55194091796875,3.856572389602661,2,1,'T24.png',NULL,'2022-04-04 19:28:02.068995','2022-04-23 18:25:45.752368',NULL,3545,'2020-11-22 00:00:00.000000',NULL,1,1,NULL),(42,70,24,'Cerisier',1,1,43.551944732666016,3.8566009998321533,14,10,'T10.png',NULL,'2022-04-04 19:28:21.882431','2022-04-24 16:09:44.709254',97,2478,'2018-11-25 00:00:00.000000',NULL,1,5,'Plein soleil.'),(43,70,24,'Cerisier',1,1,43.55195617675781,3.8565688133239746,14,10,'T10.png',NULL,'2022-04-04 19:33:27.505087','2022-04-24 16:09:48.999841',97,2422,'2018-11-25 00:00:00.000000',NULL,1,5,'Plein soleil.'),(44,550,24,'Amélanchier',2,1,43.55194854736328,3.8566370010375977,5,3,'T6.png',NULL,'2022-04-04 19:34:28.921425','2022-04-24 16:10:09.111678',NULL,5043,'2020-11-22 00:00:00.000000',NULL,1,1,'Plein soleil.'),(45,114,24,'Fraisiers',4,1,43.551963806152344,3.856574535369873,25,25,'G5.png',NULL,'2022-04-08 18:04:52.902608','2022-04-23 18:25:56.237981',NULL,3497,'2020-11-11 00:00:00.000000',NULL,1,6,NULL),(46,114,24,'Fraisiers',4,1,43.55195999145508,3.8565990924835205,25,25,'G5.png',NULL,'2022-04-08 18:05:06.774599','2022-04-23 18:25:56.257515',NULL,3494,'2020-11-11 00:00:00.000000',NULL,1,6,NULL),(47,114,24,'Fraisiers',4,1,43.55192947387695,3.8565597534179688,25,25,'G5.png',NULL,'2022-04-08 18:07:00.923354','2022-04-23 18:25:56.256615',NULL,3435,'2020-11-11 00:00:00.000000',NULL,1,6,NULL),(48,114,24,'Fraisiers',4,1,43.55192565917969,3.8565828800201416,25,25,'G5.png',NULL,'2022-04-08 18:07:12.649414','2022-04-23 18:25:56.236387',NULL,5071,'2020-11-11 00:00:00.000000',NULL,1,6,NULL),(49,660,24,'Artichaut',4,1,43.551937103271484,3.8566336631774902,125,125,'G17.png','Acheté au marché en 2018, puis divisé en 5 l\'hiver 2020. ','2022-04-08 18:13:00.313277','2022-04-24 16:09:56.942729',NULL,NULL,'2020-12-10 00:00:00.000000',NULL,1,NULL,'Plein soleil.'),(50,197,5,'Noyer',1,1,43.55192947387695,3.8567094802856445,20,10,'T3.png','Premier arbre de la Forêt Lattoise ayant été planté avant même la validation de l\'achat du terrain. Il a été récupéré sur le jardin de Blaise Leclerc (Terre Vivante) à Cucuron, puis planté par Thomas et Christophe en tout début d\'année (date non précise). C\'est une arbre qui avait déjà deux ans et qui a survécu à une coupe lors de sa première année de vie. ','2022-04-08 18:13:34.736165','2022-04-24 17:02:24.464613',NULL,NULL,'2018-02-11 00:00:00.000000',NULL,1,NULL,'Plein soleil.'),(51,101,5,'Goumi du Japon',2,1,43.551918029785156,3.8566911220550537,3,4,'T15.png',NULL,'2022-04-08 18:14:17.107558','2022-04-24 16:54:38.210225',NULL,NULL,'2018-11-25 00:00:00.000000',NULL,1,1,'Plein soleil.'),(52,201,5,'Origan',4,1,43.55191421508789,3.856722116470337,65,65,NULL,NULL,'2022-04-08 18:16:05.316573','2022-04-24 17:04:06.317690',NULL,NULL,'2019-11-24 00:00:00.000000',NULL,1,NULL,'Partiellement ombragé par la végétation alentour.'),(53,129,5,'Groseillier',3,1,43.55192947387695,3.8567280769348145,2,1,'T24.png',NULL,'2022-04-08 18:17:07.332545','2022-04-17 18:39:12.716494',NULL,3644,'2020-11-22 00:00:00.000000',NULL,1,1,NULL),(54,129,5,'Groseillier',3,1,43.55192184448242,3.8567259311676025,2,1,'T24.png',NULL,'2022-04-08 18:17:11.650738','2022-04-17 18:39:35.576453',NULL,3641,'2020-11-22 00:00:00.000000',NULL,1,1,NULL),(55,65,5,'Cassissier',3,1,43.55191421508789,3.8567421436309814,2,1,'T24.png',NULL,'2022-04-08 18:18:01.680995','2022-04-24 16:51:29.860669',NULL,5028,'2018-11-25 00:00:00.000000',NULL,1,1,'Plein soleil, mais partiellement protégé par la végétation.'),(56,256,5,'Sureau noir',2,1,43.551944732666016,3.8567285537719727,6,4,'T6.png','Acheté aux journées de l\'arbre et du fruit à Saint Jean du Gard. ','2022-04-08 18:18:41.605832','2022-04-24 17:06:07.971024',NULL,NULL,'2018-11-25 00:00:00.000000',NULL,1,NULL,'Plein soleil.'),(57,130,5,'Gr. à maquereau',3,1,43.55194854736328,3.85671329498291,2,1,'T24.png',NULL,'2022-04-08 18:19:27.137144','2022-04-17 18:40:29.653281',NULL,3533,'2020-11-22 00:00:00.000000',NULL,1,1,NULL),(58,130,5,'Gr. à maquereau',3,1,43.551944732666016,3.8567092418670654,2,1,'T24.png',NULL,'2022-04-08 18:19:33.848381','2022-04-24 16:57:42.189137',NULL,3545,'2018-11-25 00:00:00.000000',NULL,1,1,'Plein soleil, mais partiellement protégé par la végétation.'),(60,2,5,'Absinthe',4,1,43.55191421508789,3.8566713333129883,95,95,'G6.png',NULL,'2022-04-08 18:21:53.479745','2022-04-24 16:44:32.403427',NULL,NULL,'2019-11-24 00:00:00.000000',NULL,1,NULL,'Plein soleil.'),(61,359,5,'Mûrier (Noir de Syrie)',2,1,43.55192184448242,3.8566579818725586,8,9,'T37.png','Acheté aux journées de l\'arbre et du fruit à Saint-Jean du Gard.','2022-04-08 18:22:11.491977','2022-04-24 16:59:49.352407',NULL,NULL,'2018-11-25 00:00:00.000000',NULL,1,NULL,'Plein soleil.'),(62,193,5,'Noisetier',2,1,43.55195236206055,3.8566665649414062,4,4,'T21.png',NULL,'2022-04-08 18:22:29.871051','2022-04-24 17:01:22.063159',NULL,4076,'2019-11-24 00:00:00.000000',NULL,1,9,'Plein soleil (protégé par un voile en août 2020).'),(63,214,6,'Pêcher',2,1,43.5520133972168,3.8565664291381836,3,3,'T12.png','Pêcher issu d\'un noyau ayant germé dans un pot à Maurin dans le jardin de Christophe en 2017. Il a été planté l\'automne 2020 à sa place définitive. Il se porte à merveille depuis et présente déjà une vingtaine de fruits en 2022.','2022-04-08 18:23:39.429232','2022-04-24 16:40:59.307481',NULL,NULL,'2020-11-30 00:00:00.000000',NULL,1,NULL,'Plein soleil.'),(64,111,6,'Févier d’amérique',1,1,43.55202102661133,3.856590986251831,20,9,'T1.png',NULL,'2022-04-08 18:27:06.308033','2022-04-24 16:33:35.220581',NULL,5187,'2018-11-25 00:00:00.000000',NULL,1,2,'Partiellement ombragé sous les cyprès.'),(65,111,6,'Févier d’amérique',1,1,43.5520133972168,3.856632709503174,20,9,'T1.png',NULL,'2022-04-08 18:27:11.989104','2022-04-24 16:33:39.809980',NULL,5187,'2018-11-25 00:00:00.000000',NULL,1,2,'Partiellement ombragé sous les cyprès.'),(66,237,6,'Robinier faux-acacia',1,1,43.552024841308594,3.856614828109741,19,10,'T16.png',NULL,'2022-04-08 18:27:40.081388','2022-04-24 16:41:31.493133',NULL,NULL,'2018-11-25 00:00:00.000000',NULL,1,8,'A l\'ombre, au fond du fossé et entouré de végétation. '),(67,251,6,'Sophora du japon',1,1,43.552005767822266,3.8566720485687256,13,8,'T41.png',NULL,'2022-04-08 18:28:21.817783','2022-04-24 16:42:50.228776',NULL,NULL,'2018-11-25 00:00:00.000000',NULL,1,2,'Plein soleil, mais au milieu de la végétation.'),(68,123,6,'Ginkgo biloba',1,1,43.551998138427734,3.856715440750122,20,8,'T31.png','Acheté aux journées de l\'arbre et du fruit à Saint Jean du Gard.','2022-04-08 18:30:23.933641','2022-04-24 16:33:53.355744',NULL,NULL,'2018-11-25 00:00:00.000000',NULL,1,NULL,'Zone d\'ombre sous les cyprès.'),(69,556,6,'Arbre de judée',2,1,43.55199432373047,3.8567609786987305,7,4,'T12.png',NULL,'2022-04-08 18:30:38.097599','2022-04-24 16:24:02.221634',NULL,NULL,'2019-11-24 00:00:00.000000',NULL,1,8,'Complètement à l\'ombre (au milieu des ronces).'),(70,111,6,'Févier d’amérique',1,1,43.55204391479492,3.8564887046813965,20,9,'T1.png',NULL,'2022-04-08 18:30:51.243178','2022-04-24 16:33:21.309737',NULL,NULL,'2019-11-24 00:00:00.000000',NULL,1,8,'Zone d\'ombre sous les cyprès.'),(71,129,6,'Groseillier',3,1,43.55204391479492,3.8563950061798096,2,1,'T24.png',NULL,'2022-04-08 18:31:35.041292','2022-04-24 16:41:45.342431',NULL,3654,'2018-11-25 00:00:00.000000',NULL,1,1,'Partiellement ombragé sous les cyprès.'),(72,65,6,'Cassissier',3,1,43.55204772949219,3.856375217437744,2,1,'T24.png',NULL,'2022-04-08 18:33:22.321826','2022-04-24 16:29:02.035462',NULL,5012,'2018-11-25 00:00:00.000000',NULL,1,1,'Partiellement ombragé sous les cyprès.'),(73,458,6,'Bambou Pseudosasa',3,1,43.552059173583984,3.856400728225708,4,3,'T58.png','Transplantation l\'automne 2019, il s\'agit de rejets en provenance du jardin de Christophe. ','2022-04-08 18:34:12.995046','2022-04-24 16:26:27.720473',NULL,NULL,'2019-12-01 00:00:00.000000',NULL,1,NULL,'Zone d\'ombre sous les cyprès.'),(74,304,6,'Châtaignier (Bourcasse)',1,1,43.55206298828125,3.8562796115875244,23,10,'T46.png',NULL,'2022-04-08 18:34:26.858712','2022-04-24 16:30:38.876000',NULL,NULL,'2018-11-25 00:00:00.000000',NULL,1,1,'Partiellement ombragé sous les cyprès.'),(75,60,4,'Caragana',2,1,43.55195999145508,3.856304883956909,4,2,'T13.png',NULL,'2022-04-08 18:35:56.903278','2022-04-23 18:27:26.386158',NULL,NULL,'2019-11-24 00:00:00.000000',NULL,1,2,'Plein soleil.'),(76,60,4,'Caragana',2,1,43.55196762084961,3.8562519550323486,4,2,'T13.png',NULL,'2022-04-08 18:36:00.139796','2022-04-23 18:27:23.192471',NULL,NULL,'2019-11-24 00:00:00.000000',NULL,1,2,'Plein soleil.'),(77,115,4,'Framboisier',3,1,43.551963806152344,3.856259346008301,2,1,'T24.png',NULL,'2022-04-08 18:36:14.025945','2022-04-23 18:27:32.930357',NULL,3902,'2019-11-24 00:00:00.000000',NULL,1,7,'Plein soleil.'),(78,115,4,'Framboisier',3,1,43.551963806152344,3.8562726974487305,2,1,'T24.png',NULL,'2022-04-08 18:36:27.817544','2022-04-23 18:27:36.524752',NULL,3902,'2019-11-24 00:00:00.000000',NULL,1,7,'Plein soleil.'),(79,115,4,'Framboisier',3,1,43.551963806152344,3.8562896251678467,2,1,'T24.png',NULL,'2022-04-08 18:36:28.552989','2022-04-23 18:27:39.977169',NULL,3902,'2019-11-24 00:00:00.000000',NULL,1,7,'Plein soleil.'),(80,70,24,'Cerisier',1,1,43.55196762084961,3.85650897026062,14,10,'T10.png','Cœur de pigeon rouge.  ','2022-04-08 18:37:32.097450','2022-04-24 16:09:53.062958',97,2381,'2018-11-25 00:00:00.000000',NULL,1,1,'Plein soleil.'),(81,229,4,'Pommier',2,1,43.551998138427734,3.8563878536224365,11,11,'T11.png',NULL,'2022-04-08 18:39:21.394296','2022-04-24 15:45:56.739789',27,277,'2018-11-25 00:00:00.000000',NULL,1,1,'Plein soleil.'),(83,388,23,'Plaqueminier',1,1,43.55194854736328,3.856410264968872,9,8,'T32.png','Acheté aux journées de l’arbre, de la plante et du fruit à Saint Jean du Gard. ','2022-04-08 18:41:24.983520','2022-04-24 15:50:35.477865',99,3797,'2018-11-25 00:00:00.000000',NULL,1,NULL,'Plein soleil.'),(84,9,23,'Amandier',2,1,43.55192565917969,3.856440782546997,8,6,'T6.png',NULL,'2022-04-08 18:41:56.034076','2022-04-24 15:50:11.575683',25,39,'2018-11-25 00:00:00.000000',NULL,1,1,'Plein soleil.'),(85,9,23,'Amandier',2,1,43.551902770996094,3.8565211296081543,8,6,'T6.png',NULL,'2022-04-08 18:42:29.059180','2022-04-24 15:50:24.086911',20,68,'2018-11-25 00:00:00.000000',NULL,1,1,'Plein soleil.'),(86,229,7,'Pommier',2,1,43.551918029785156,3.8563830852508545,3,6,'T11.png',NULL,'2022-04-08 18:45:37.256025','2022-04-23 18:08:45.748406',30,172,'2018-11-25 00:00:00.000000',NULL,1,1,'Plein soleil.'),(87,278,7,'Vigne',7,1,43.551928162259934,3.8563672602176666,6,3,'C9.png',NULL,'2022-04-08 18:46:42.836689','2022-04-23 18:17:22.523117',NULL,4874,'2019-11-24 00:00:00.000000',NULL,1,4,'Plein soleil mais protégé par la végétation.'),(88,9,4,'Amandier',2,1,43.55193328857422,3.8563199043273926,8,6,'T6.png','Semi offert par Xavier qu\'il a produit chez lui. ','2022-04-08 18:47:29.271652','2022-04-23 18:19:22.555771',NULL,NULL,'2018-12-01 00:00:00.000000',NULL,1,NULL,'Plein soleil mais protégé par la végétation.'),(89,556,7,'Arbre de judée',2,1,43.5518913269043,3.856308698654175,7,4,'T12.png','Arbre offert par Claire qui l\'a transplanté d\'un terrain abandonné l\'automne 2018. Après un départ difficile, il a fini par reprendre force et vigueur assez rapidement. ','2022-04-08 18:47:59.969449','2022-04-23 17:56:42.279925',NULL,NULL,'2018-12-01 00:00:00.000000',NULL,1,NULL,'Plein soleil mais protégé par la végétation.'),(90,1,7,'Abricotier',2,1,43.551902770996094,3.8562252521514893,5,4,'T19.png',NULL,'2022-04-08 18:48:19.510527','2022-04-23 17:46:02.346844',9,8,'2018-11-25 00:00:00.000000',NULL,1,1,'Soleil jusqu\'en milieu d\'après-midi.'),(93,658,7,'Myrtillier de Floride',3,1,43.5518798828125,3.8562169075012207,4,1,'T24.png',NULL,'2022-04-08 18:50:25.157060','2022-04-23 18:07:07.315597',NULL,4044,'2019-11-24 00:00:00.000000',NULL,1,1,'Soleil jusqu\'en début d\'après-midi.'),(94,658,7,'Myrtillier de Floride',3,1,43.5518684387207,3.8562140464782715,4,1,'T24.png',NULL,'2022-04-08 18:50:29.102154','2022-04-23 18:08:19.830225',NULL,4033,'2019-11-24 00:00:00.000000',NULL,1,1,'Soleil jusqu\'en début d\'après-midi.'),(95,19,7,'Arbousier',2,1,43.55184555053711,3.856212854385376,6,3,'T6.png','Arbre offert par Xavier suite à l\'achat de son appartement. L\'arbre a été transplanté de son jardin pour venir prendre place à la Forêt Lattoise l\'hiver 2018.','2022-04-08 18:51:33.894457','2022-04-23 17:56:09.281005',NULL,NULL,'2018-12-01 00:00:00.000000',NULL,1,NULL,'Plein soleil.'),(96,22,7,'Aronia (Prunifolia Nero)',3,1,43.55186462402344,3.856158971786499,2,1,'T15.png',NULL,'2022-04-08 18:51:52.177545','2022-04-23 17:59:51.649698',NULL,NULL,'2018-11-25 00:00:00.000000',NULL,1,1,'Soleil jusqu\'en début d\'après-midi.'),(97,229,7,'Pommier',2,1,43.55190811680951,3.8561408519744873,3,6,'T11.png',NULL,'2022-04-08 18:52:41.796259','2022-04-23 18:16:33.442531',30,102,'2019-11-24 00:00:00.000000',NULL,1,3,'Soleil jusqu\'en début d\'après-midi.'),(98,112,7,'Figuier',2,1,43.55183792114258,3.8561465740203857,6,6,'T20.png','Offert par Sandrine à Maurin d\'un rejet qui partait du mur de sa maison. ','2022-04-08 18:53:20.797494','2022-04-23 18:04:34.783678',NULL,NULL,'2019-12-12 00:00:00.000000',NULL,1,NULL,'Soleil jusqu\'en début d\'après-midi.'),(99,133,8,'Grenadier',2,1,43.551841735839844,3.856349229812622,5,3,'T27.png',NULL,'2022-04-08 18:54:59.706555','2022-04-23 17:43:13.567597',NULL,3672,'2018-11-25 00:00:00.000000',NULL,1,2,'Plein soleil mais protégé par la végétation au pied.'),(100,60,8,'Caragana',2,1,43.55183410644531,3.8563060760498047,4,2,'T13.png',NULL,'2022-04-08 18:55:14.701660','2022-04-23 17:42:04.084878',NULL,NULL,'2018-11-25 00:00:00.000000',NULL,1,2,'Plein soleil mais protégé par la végétation au pied.'),(101,401,8,'Ronce sans épine',3,1,43.55183029174805,3.8562800884246826,4,3,'T48.png',NULL,'2022-04-08 19:15:16.841790','2022-04-23 17:43:58.878029',NULL,5077,'2019-11-24 00:00:00.000000',NULL,1,2,'Plein soleil.'),(102,112,8,'Figuier',2,1,43.55183792114258,3.856257438659668,6,6,'T20.png','Arbre ayant végété plusieurs années en pot avant d\'être accueilli à la Forêt Lattoise. ','2022-04-08 19:16:12.292063','2022-04-23 17:42:58.705450',NULL,2983,'2018-11-25 00:00:00.000000',NULL,1,NULL,'En zone ensoleillée mais à l\'ombre de la végétation. '),(104,129,9,'Groseillier',3,1,43.55182647705078,3.856405258178711,2,1,'T24.png',NULL,'2022-04-08 19:18:15.453097','2022-04-24 18:06:13.506209',NULL,3633,'2019-11-24 00:00:00.000000',NULL,1,14,'Plein soleil mais végétation très dense. '),(105,129,9,'Groseillier',3,1,43.55182647705078,3.8563649654388428,2,1,'T24.png',NULL,'2022-04-08 19:18:37.942562','2022-04-24 18:06:17.840618',NULL,3631,'2019-11-24 00:00:00.000000',NULL,1,14,'Plein soleil mais végétation très dense. '),(106,101,9,'Goumi du Japon',2,1,43.551822662353516,3.856339693069458,3,4,'T15.png',NULL,'2022-04-08 19:19:00.330584','2022-04-24 18:06:06.420093',NULL,NULL,'2019-11-24 00:00:00.000000',NULL,1,13,'Plein soleil mais végétation très dense. '),(107,655,9,'Arbre aux faisans',3,1,43.55181884765625,3.8563122749328613,2,2,'T62.png',NULL,'2022-04-08 19:19:16.678703','2022-04-24 18:05:24.259363',NULL,NULL,'2019-11-24 00:00:00.000000',NULL,1,13,'Plein soleil. '),(108,278,9,'Vigne',7,1,43.55181884765625,3.8562979698181152,6,3,'C9.png',NULL,'2022-04-08 19:19:34.495279','2022-04-24 18:06:48.244708',NULL,NULL,'2019-11-24 00:00:00.000000',NULL,1,NULL,'Plein soleil.'),(109,335,9,'Goji',7,1,43.551815032958984,3.85628342628479,2,3,'C8.png',NULL,'2022-04-08 19:19:45.730869','2022-04-24 18:05:27.283545',NULL,5087,'2019-11-24 00:00:00.000000',NULL,1,2,'Plein soleil. '),(110,335,9,'Goji',7,1,43.551815032958984,3.8562676906585693,2,3,'C8.png',NULL,'2022-04-08 19:28:44.076651','2022-04-24 18:05:30.156854',NULL,NULL,'2019-11-24 00:00:00.000000',NULL,1,13,'Plein soleil. '),(111,129,9,'Groseillier',3,1,43.55181121826172,3.856257677078247,2,1,'T24.png',NULL,'2022-04-08 19:28:55.667645','2022-04-24 18:06:24.424840',NULL,3666,'2019-11-24 00:00:00.000000',NULL,1,2,'Plein soleil.'),(112,226,10,'Poirier',2,1,43.55165100097656,3.8561153411865234,10,5,'T7.png',NULL,'2022-04-15 11:16:07.418116','2022-04-24 17:43:56.436723',51,2026,'2019-11-24 00:00:00.000000',NULL,1,12,'Plein soleil jusqu\'en fin d\'après-midi. '),(113,229,10,'Pommier',2,1,43.55170440673828,3.8561301231384277,11,11,'T11.png',NULL,'2022-04-15 11:16:19.810851','2022-04-24 17:44:00.916537',27,5089,'2019-11-24 00:00:00.000000',NULL,1,7,'Plein soleil jusqu\'en fin d\'après-midi. '),(114,115,11,'Framboisier',3,1,43.551612854003906,3.856107711791992,2,1,'T24.png',NULL,'2022-04-15 11:22:39.058223','2022-04-24 18:04:15.835484',NULL,3905,'2019-11-24 00:00:00.000000',NULL,1,7,'Plein soleil une bonne partie de la journée mais végétation dense. '),(115,229,11,'Pommier',2,1,43.55160140991211,3.8561065196990967,6,6,'T11.png',NULL,'2022-04-15 11:22:56.508817','2022-04-24 18:05:00.345997',NULL,919,'2019-11-24 00:00:00.000000',NULL,1,3,'Plein soleil une bonne partie de la journée mais végétation dense au pied. '),(116,129,11,'Groseillier',3,1,43.55158615112305,3.8561031818389893,2,1,'T24.png',NULL,'2022-04-15 11:23:06.709121','2022-04-24 18:04:27.036435',NULL,3623,'2019-11-24 00:00:00.000000',NULL,1,2,'Plein soleil une bonne partie de la journée mais végétation dense. '),(117,129,11,'Groseillier',3,1,43.55157470703125,3.8561015129089355,2,1,'T24.png',NULL,'2022-04-15 11:23:16.978746','2022-04-24 18:04:29.934950',NULL,3640,'2019-11-24 00:00:00.000000',NULL,1,13,'Plein soleil une bonne partie de la journée mais végétation dense. '),(118,237,11,'Robinier faux-acacia',1,1,43.55156326293945,3.8560988903045654,19,10,'T16.png',NULL,'2022-04-15 11:23:32.881791','2022-04-24 18:05:04.344176',NULL,NULL,'2019-11-24 00:00:00.000000',NULL,1,8,'Plein soleil une bonne partie de la journée mais végétation dense au pied. '),(120,129,11,'Groseillier',3,1,43.551536560058594,3.856097459793091,2,1,'T24.png',NULL,'2022-04-15 11:23:54.706093','2022-04-24 18:04:32.924857',NULL,3641,'2019-11-24 00:00:00.000000',NULL,1,2,'Plein soleil une bonne partie de la journée mais végétation dense. '),(121,185,11,'Nashis',2,1,43.5515251159668,3.8560984134674072,4,4,'T7.png',NULL,'2022-04-15 11:24:06.403805','2022-04-24 18:04:44.398527',NULL,5106,'2019-11-24 00:00:00.000000',NULL,1,9,'Plein soleil une bonne partie de la journée mais végétation dense au pied. '),(122,115,11,'Framboisier',3,1,43.551513671875,3.8561036586761475,2,1,'T24.png',NULL,'2022-04-15 11:24:30.863086','2022-04-24 18:04:20.857485',NULL,3936,'2019-11-24 00:00:00.000000',NULL,1,7,'Plein soleil une bonne partie de la journée mais végétation dense. '),(123,214,11,'Pêcher',2,1,43.55150604248047,3.8561079502105713,3,3,'T12.png','Arbre produit et offert par Ianni.','2022-04-15 11:24:39.085431','2022-04-24 18:04:54.527163',NULL,NULL,'2019-11-24 00:00:00.000000',NULL,1,NULL,'Plein soleil une bonne partie de la journée.'),(124,130,11,'Gr. à maquereau',3,1,43.55154800415039,3.8560969829559326,2,1,'T24.png',NULL,'2022-04-15 11:28:06.875117','2022-04-24 18:04:24.251241',NULL,3533,'2019-11-24 00:00:00.000000',NULL,1,2,'Plein soleil une bonne partie de la journée mais végétation dense. '),(125,86,12,'Consoude',4,1,43.55149841308594,3.8560848236083984,50,50,'G12.png','Bouture offerte par Julie','2022-04-15 11:31:53.237529','2022-04-24 18:03:30.306065',NULL,NULL,'2018-11-25 00:00:00.000000',NULL,1,NULL,'Partiellement ombragé.'),(127,183,12,'Myrtillier',3,1,43.551509857177734,3.8560736179351807,2,1,'T24.png',NULL,'2022-04-15 11:32:55.087186','2022-04-24 18:03:12.917587',NULL,4012,'2019-11-24 00:00:00.000000',NULL,1,1,'Complètement à l\'ombre. '),(128,183,12,'Myrtillier',3,1,43.55150604248047,3.8560643196105957,2,1,'T24.png',NULL,'2022-04-15 11:32:56.678074','2022-04-24 18:03:18.940150',NULL,4012,'2019-11-24 00:00:00.000000',NULL,1,1,'Complètement à l\'ombre. '),(129,183,12,'Myrtillier',3,1,43.551509857177734,3.8560547828674316,2,1,'T24.png',NULL,'2022-04-15 11:32:59.357101','2022-04-24 18:03:15.408670',NULL,4019,'2019-11-24 00:00:00.000000',NULL,1,1,'Complètement à l\'ombre. '),(130,129,12,'Groseillier',3,1,43.551509857177734,3.8560266494750977,2,1,'T24.png',NULL,'2022-04-15 11:33:15.780988','2022-04-24 18:03:09.515476',NULL,3624,'2018-11-25 00:00:00.000000',NULL,1,1,'Complètement à l\'ombre. '),(131,22,12,'Aronia (Mantschurica Amit)',3,1,43.55152130126953,3.85602068901062,2,1,'T15.png',NULL,'2022-04-15 11:33:24.614728','2022-04-24 18:03:03.251087',NULL,NULL,'2019-11-24 00:00:00.000000',NULL,1,1,'Complètement à l\'ombre. '),(133,65,13,'Cassissier',3,1,43.55146026611328,3.8560638427734375,2,1,'T24.png',NULL,'2022-04-15 11:35:47.731636','2022-04-24 17:45:25.581865',NULL,5001,'2019-11-24 00:00:00.000000',NULL,1,2,'A l\'ombre des pruniers.'),(134,662,13,'Caseillier',3,1,43.551475524902344,3.8560914993286133,2,2,'T24.png',NULL,'2022-04-15 11:44:59.648898','2022-04-24 17:45:03.277345',NULL,5091,'2019-11-24 00:00:00.000000',NULL,1,2,'A l\'ombre des pruniers une bonne partie de la journée. '),(135,662,13,'Caseillier',3,1,43.551414489746094,3.856076240539551,2,2,'T24.png',NULL,'2022-04-15 11:45:04.610079','2022-04-24 17:45:18.994263',NULL,5091,'2019-11-24 00:00:00.000000',NULL,1,2,'A l\'ombre des pruniers.'),(136,662,13,'Caseillier',3,1,43.55141830444336,3.856105089187622,2,2,'T24.png',NULL,'2022-04-15 11:45:11.274756','2022-04-24 17:45:15.248339',NULL,5090,'2019-11-24 00:00:00.000000',NULL,1,2,'A l\'ombre des pruniers.'),(137,65,13,'Cassissier',3,1,43.55142593383789,3.856126308441162,2,1,'T24.png',NULL,'2022-04-15 11:45:16.870286','2022-04-24 17:45:31.104746',NULL,5000,'2019-11-24 00:00:00.000000',NULL,1,2,'A l\'ombre des pruniers.'),(138,79,13,'Citronelle',4,1,43.551422119140625,3.8561155796051025,80,80,'G11.png','Acheté au marché aux plantes à Montpellier. ','2022-04-15 11:46:17.228639','2022-04-24 17:45:46.859664',NULL,NULL,'2019-04-07 00:00:00.000000',NULL,1,NULL,'A l\'ombre des pruniers.'),(139,300,13,'Chalef de ebbing',3,1,43.55140686035156,3.856189489364624,3,3,'T18.png',NULL,'2022-04-15 11:49:34.114647','2022-04-24 17:45:42.496634',NULL,NULL,'2019-11-24 00:00:00.000000',NULL,1,13,'A l\'ombre des pruniers.'),(140,300,13,'Chalef de ebbing',3,1,43.551429748535156,3.856170177459717,3,3,'T18.png',NULL,'2022-04-15 11:49:36.050756','2022-04-24 17:45:39.859887',NULL,NULL,'2019-11-24 00:00:00.000000',NULL,1,13,'A l\'ombre des pruniers.'),(141,401,13,'Ronce commune',3,1,43.55141830444336,3.856178045272827,4,3,'T48.png',NULL,'2022-04-15 11:49:54.249754','2022-04-24 17:46:02.176932',NULL,5093,'2019-11-24 00:00:00.000000',NULL,1,1,'A l\'ombre des pruniers.'),(142,1,13,'Abricotier',2,1,43.55135726928711,3.856280565261841,6,5,'T19.png',NULL,'2022-04-15 11:53:57.637908','2022-04-24 17:44:28.839231',NULL,1,'2018-11-25 00:00:00.000000',NULL,1,1,'Plein soleil. '),(143,129,13,'Groseillier',3,1,43.55134963989258,3.8562960624694824,2,1,'T24.png',NULL,'2022-04-15 11:54:04.888678','2022-04-24 17:45:57.343810',NULL,3624,'2019-11-24 00:00:00.000000',NULL,1,14,'Plein soleil. '),(144,27,13,'Asiminier',2,1,43.55134201049805,3.856269598007202,5,3,'T6.png','Semi de l\'année.','2022-04-15 11:54:13.965779','2022-04-24 17:44:39.181072',NULL,NULL,'2018-11-25 00:00:00.000000',NULL,1,2,'A l\'ombre des pruniers. '),(146,228,14,'Poivrier de sichuan',3,1,43.55121994018555,3.8560497760772705,5,2,'T27.png',NULL,'2022-04-15 18:57:54.400376','2022-04-24 17:48:28.954247',NULL,NULL,'2018-11-25 00:00:00.000000',NULL,1,2,'Plein soleil.'),(147,59,14,'Câprier',3,1,43.55120849609375,3.8561203479766846,1,2,'T15.png',NULL,'2022-04-15 18:58:03.899454','2022-04-24 17:48:12.623513',NULL,NULL,'2020-11-22 00:00:00.000000',NULL,1,NULL,'Plein soleil.'),(148,112,22,'Figuier',2,1,43.5512580871582,3.8560218811035156,6,6,'T20.png','Offert par Marco.','2022-04-15 18:58:22.772475','2022-04-24 17:47:19.465867',NULL,NULL,'2018-11-25 00:00:00.000000',NULL,1,NULL,'Bien ombragé. '),(149,278,22,'Vigne',7,1,43.5512809753418,3.8560798168182373,6,3,'C9.png',NULL,'2022-04-15 18:58:43.196424','2022-04-24 17:47:57.411763',NULL,4905,'2018-11-25 00:00:00.000000',NULL,1,NULL,'Très ombragé. '),(150,363,14,'Néflier d\'Allemagne',2,1,43.55121994018555,3.856215238571167,8,6,'T49.png',NULL,'2022-04-15 18:59:08.928983','2022-04-24 17:48:25.476183',NULL,NULL,'2018-11-25 00:00:00.000000',NULL,1,1,'Partiellement ombragé. '),(152,112,14,'Figuier (sauvage)',2,1,43.55119705200195,3.856290817260742,6,6,'T20.png',NULL,'2022-04-15 18:59:37.580895','2022-04-24 17:48:16.712246',NULL,NULL,NULL,NULL,1,NULL,'Plein soleil.'),(153,231,22,'Prunier (sauvage)',2,1,43.551368713378906,3.856086492538452,6,4,'T12.png',NULL,'2022-04-15 18:59:58.559778','2022-04-24 17:47:27.405764',NULL,NULL,NULL,NULL,1,NULL,'Bien ombragé. '),(154,231,22,'Prunier (sauvage)',2,1,43.551334381103516,3.856149196624756,6,4,'T12.png',NULL,'2022-04-15 19:00:03.308538','2022-04-24 17:47:32.887323',NULL,NULL,NULL,NULL,1,NULL,'Bien ombragé. '),(155,231,22,'Prunier (sauvage)',2,1,43.551326751708984,3.856220245361328,6,4,'T12.png',NULL,'2022-04-15 19:00:06.061947','2022-04-24 17:47:39.403266',NULL,NULL,NULL,NULL,1,NULL,'Bien ombragé. '),(156,231,22,'Prunier (sauvage)',2,1,43.55128860473633,3.8561861515045166,6,4,'T12.png',NULL,'2022-04-15 19:00:14.896963','2022-04-24 17:47:44.526620',NULL,NULL,NULL,NULL,1,NULL,'Bien ombragé. '),(157,81,22,'Cognassier (sauvage)',1,1,43.55128479003906,3.8561370372772217,6,4,'T6.png',NULL,'2022-04-15 19:00:31.580328','2022-04-24 17:46:37.158030',NULL,NULL,NULL,NULL,1,NULL,'Bien ombragé. '),(158,438,22,'Cornouiller sanguin (sauvage)',3,1,43.55131149291992,3.8562376499176025,2,3,'T52.png',NULL,'2022-04-15 19:01:05.199795','2022-04-24 17:47:07.120131',NULL,NULL,NULL,NULL,1,NULL,'Complètement à l\'ombre des pruniers. '),(159,438,22,'Cornouiller sanguin (sauvage)',3,1,43.551307678222656,3.8562192916870117,2,3,'T52.png',NULL,'2022-04-15 19:01:08.563207','2022-04-24 17:47:09.829005',NULL,NULL,NULL,NULL,1,NULL,'Complètement à l\'ombre des pruniers. '),(160,438,22,'Cornouiller sanguin (sauvage)',3,1,43.55131530761719,3.8562002182006836,2,3,'T52.png',NULL,'2022-04-15 19:01:12.056115','2022-04-24 17:47:04.516177',NULL,NULL,NULL,NULL,1,NULL,'Complètement à l\'ombre des pruniers. '),(161,438,22,'Cornouiller sanguin (sauvage)',3,1,43.55132293701172,3.8561863899230957,2,3,'T52.png',NULL,'2022-04-15 19:01:18.295468','2022-04-24 17:47:01.692016',NULL,NULL,NULL,NULL,1,NULL,'Complètement à l\'ombre des pruniers. '),(162,1,22,'Abricotier (sauvage)',2,1,43.55127716064453,3.855985641479492,6,5,'T19.png',NULL,'2022-04-15 19:03:37.213425','2022-04-24 17:46:32.470214',NULL,NULL,NULL,NULL,1,NULL,'Bien ombragé. '),(163,186,15,'Brugnonier (à fruits plats blancs)',2,1,43.55125427246094,3.8562660217285156,3,4,'T9.png','Fruits blancs plats','2022-04-15 19:04:38.827496','2022-04-24 17:49:11.579029',NULL,NULL,'2018-11-25 00:00:00.000000',NULL,1,1,'Bien ensoleillé en première partie de journée.'),(166,229,15,'Pommier',2,1,43.551292419433594,3.8563239574432373,3,3,'T11.png','Pommier greffé par le grand-père de Chloé (qui est à l\'origine de la création du lieu) peu de temps avant sa mort. \nCet arbre a été planté en hommage à cette personne lors d\'une célébration réalisée en l\'honneur à la vie de Marco. \nLa variété n\'est pas encore déterminé mais cet un arbre originaire du Berry.','2022-04-15 19:06:12.137733','2022-04-24 17:49:19.140981',32,NULL,'2022-03-26 00:00:00.000000',NULL,1,NULL,'Bien ensoleillé en première partie de journée.'),(167,226,16,'Poirier nain',2,1,43.55136489868164,3.856492042541504,2,2,'T7.png','Double greffe pour améliorer le pouvoir nanifiant du porte-greffe : cognassier, puis poirier beurré hardy).','2022-04-15 19:08:45.100895','2022-04-24 17:59:27.055514',49,5094,'2019-11-24 00:00:00.000000',NULL,1,9,'Plein soleil. '),(168,300,16,'Chalef de ebbing',3,1,43.551353454589844,3.8564553260803223,3,3,'T18.png',NULL,'2022-04-15 19:16:54.507834','2022-04-24 17:59:36.655368',NULL,NULL,'2019-11-24 00:00:00.000000',NULL,1,8,'Plein soleil. '),(169,440,16,'Chalef argenté',2,1,43.55134963989258,3.856478214263916,4,4,'T53.png','A priori Umbellata \"Fortunella\" ou Umbellata \"Amoroso\"','2022-04-15 19:17:01.488001','2022-04-24 17:58:11.147452',NULL,NULL,'2019-11-24 00:00:00.000000',NULL,1,1,'Plein soleil. '),(170,214,16,'Pêcher',2,1,43.551334381103516,3.8564276695251465,3,3,'T12.png',NULL,'2022-04-15 19:17:13.847980','2022-04-24 17:59:41.832749',69,4389,'2019-11-24 00:00:00.000000',NULL,1,12,'Plein soleil. '),(171,115,16,'Framboisier',3,1,43.551334381103516,3.8563902378082275,2,1,'T24.png',NULL,'2022-04-15 19:17:47.484205','2022-04-24 18:00:02.282134',NULL,NULL,'2019-11-24 00:00:00.000000',NULL,1,NULL,'Plein soleil mais à l\'ombre de la végétation. '),(172,115,16,'Framboisier',3,1,43.55133056640625,3.856379985809326,2,1,'T24.png',NULL,'2022-04-15 19:17:57.569496','2022-04-24 18:00:05.430995',NULL,NULL,'2019-11-24 00:00:00.000000',NULL,1,NULL,'Plein soleil mais à l\'ombre de la végétation. '),(173,115,16,'Framboisier',3,1,43.551334381103516,3.856367588043213,2,1,'T24.png',NULL,'2022-04-15 19:18:00.680733','2022-04-24 17:59:55.599656',NULL,NULL,'2019-11-24 00:00:00.000000',NULL,1,NULL,'Plein soleil mais à l\'ombre de la végétation. '),(174,115,16,'Framboisier',3,1,43.55133056640625,3.8563575744628906,2,1,'T24.png',NULL,'2022-04-15 19:18:04.399570','2022-04-24 18:00:08.869427',NULL,3935,'2019-11-24 00:00:00.000000',NULL,1,1,'Plein soleil mais à l\'ombre de la végétation. '),(175,115,16,'Framboisier',3,1,43.551334381103516,3.8563456535339355,2,1,'T24.png',NULL,'2022-04-15 19:18:16.583680','2022-04-24 17:59:59.378771',NULL,3935,'2019-11-24 00:00:00.000000',NULL,1,1,'Plein soleil mais à l\'ombre de la végétation. '),(176,86,16,'Consoude',4,1,43.55133056640625,3.856316089630127,50,50,'G12.png',NULL,'2022-04-15 19:18:31.020763','2022-04-19 07:50:33.713204',NULL,NULL,'2019-11-24 00:00:00.000000',NULL,1,NULL,NULL),(177,185,16,'Nashis',2,1,43.5513916015625,3.8565211296081543,4,4,'T7.png',NULL,'2022-04-15 19:19:13.038046','2022-04-24 17:59:05.598781',NULL,5103,'2019-11-24 00:00:00.000000',NULL,1,9,'Soleil à partir de midi. '),(178,401,16,'Ronce sans épines',3,1,43.55137634277344,3.856506824493408,4,3,'T48.png',NULL,'2022-04-15 19:19:31.598636','2022-04-24 17:59:12.587449',NULL,5074,'2019-11-24 00:00:00.000000',NULL,1,1,'Soleil à partir de midi. '),(179,300,16,'Chalef de ebbing',3,1,43.55143737792969,3.8565540313720703,3,3,'T18.png',NULL,'2022-04-15 19:19:44.113394','2022-04-24 17:58:48.750276',NULL,NULL,'2019-11-24 00:00:00.000000',NULL,1,8,'Soleil à partir de midi. '),(180,229,16,'Pommier',2,1,43.551475524902344,3.8565750122070312,3,6,'T11.png',NULL,'2022-04-15 19:19:55.789109','2022-04-24 17:58:59.886974',30,5095,'2019-11-24 00:00:00.000000',NULL,1,12,'Soleil à partir de midi. '),(181,231,17,'Prunier',2,1,43.55149459838867,3.8566672801971436,6,4,'T12.png',NULL,'2022-04-15 19:34:49.270779','2022-04-24 17:43:03.875160',NULL,4600,'2018-11-25 00:00:00.000000',NULL,1,NULL,'A proximité de grands frênes, au soleil à partir de midi. '),(182,231,17,'Prunier',2,1,43.55143356323242,3.8566558361053467,8,6,'T12.png',NULL,'2022-04-15 19:35:19.276570','2022-04-24 17:43:07.503390',74,4592,'2018-11-25 00:00:00.000000',NULL,1,1,'A proximité de grands frênes, au soleil à partir de midi. '),(183,231,17,'Prunier',2,1,43.55136489868164,3.8566372394561768,6,4,'T12.png',NULL,'2022-04-15 19:35:23.272498','2022-04-24 17:43:11.164046',NULL,4589,'2018-11-25 00:00:00.000000',NULL,1,1,'A proximité de grands frênes, au soleil à partir de midi. '),(184,231,17,'Prunier',2,1,43.55133819580078,3.8566317558288574,8,6,'T12.png',NULL,'2022-04-15 19:35:46.867571','2022-04-24 17:43:14.420311',74,4594,'2018-11-25 00:00:00.000000',NULL,1,1,'A proximité de grands frênes, au soleil à partir de midi. '),(185,229,17,'Pommier',2,1,43.55134963989258,3.8566067218780518,11,11,'T11.png',NULL,'2022-04-15 19:36:04.694183','2022-04-24 17:43:00.690155',27,170,'2019-11-24 00:00:00.000000',NULL,1,9,'A proximité de grands frênes, au soleil à partir de midi. '),(186,214,17,'Pêcher',2,1,43.55134201049805,3.8565776348114014,3,3,'T12.png',NULL,'2022-04-15 19:36:13.323370','2022-04-24 17:42:56.836450',69,5112,'2019-11-24 00:00:00.000000',NULL,1,12,'A proximité de grands frênes, au soleil à partir de midi. '),(187,129,19,'Groseillier (à priori Rondom Riets glory)',3,1,43.55121612548828,3.8564248085021973,2,1,'T24.png','En attente de production des fruits pour être certain de la variété qui devrait à priori être l\'un des suivantes : Rondom Riets glory, Junifer, London Market, Red lake, Cerise Blanche','2022-04-15 19:40:42.693776','2022-04-24 18:02:05.757252',NULL,NULL,'2018-11-25 00:00:00.000000',NULL,1,1,'Partiellement ombragé. '),(188,278,18,'Vigne ancienne',7,1,43.55124282836914,3.8564391136169434,6,3,'C9.png','4 variétés de vignes acheté à VitiCabrol aux journées de l\'arbre et du fruit à Saint Jean du Gard. Ils ont tous été planté le long de la clôture du parking mais on ne sais pas dans quel ordre. On attend donc les premiers fruits pour savoir qui est qui entre les 4 variétés suivantes : Clinton, Nero, Noha ou Isabella. ','2022-04-15 19:40:52.526822','2022-04-24 17:53:39.715337',NULL,NULL,'2019-11-24 00:00:00.000000',NULL,1,15,'Bien ensoleillé. '),(189,278,18,'Vigne ancienne',7,1,43.55125427246094,3.8564417362213135,6,3,'C9.png','4 variétés de vignes acheté à VitiCabrol aux journées de l\'arbre et du fruit à Saint Jean du Gard. Ils ont tous été planté le long de la clôture du parking mais on ne sais pas dans quel ordre. On attend donc les premiers fruits pour savoir qui est qui entre les 4 variétés suivantes : Clinton, Nero, Noha ou Isabella. ','2022-04-15 19:41:01.941404','2022-04-24 17:53:35.777057',NULL,NULL,'2019-11-24 00:00:00.000000',NULL,1,15,'Bien ensoleillé. '),(190,278,18,'Vigne ancienne',7,1,43.551265716552734,3.856489658355713,6,3,'C9.png','4 variétés de vignes acheté à VitiCabrol aux journées de l\'arbre et du fruit à Saint Jean du Gard. Ils ont tous été planté le long de la clôture du parking mais on ne sais pas dans quel ordre. On attend donc les premiers fruits pour savoir qui est qui entre les 4 variétés suivantes : Clinton, Nero, Noha ou Isabella. ','2022-04-15 19:41:08.245730','2022-04-24 17:53:19.122474',NULL,NULL,'2019-11-24 00:00:00.000000',NULL,1,15,'Plein soleil. '),(191,278,18,'Vigne ancienne',7,1,43.551265716552734,3.85646653175354,6,3,'C9.png','4 variétés de vignes acheté à VitiCabrol aux journées de l\'arbre et du fruit à Saint Jean du Gard. Ils ont tous été planté le long de la clôture du parking mais on ne sais pas dans quel ordre. On attend donc les premiers fruits pour savoir qui est qui entre les 4 variétés suivantes : Clinton, Nero, Noha ou Isabella. ','2022-04-15 19:41:19.769958','2022-04-24 17:53:22.452641',NULL,NULL,'2019-11-24 00:00:00.000000',NULL,1,15,'Plein soleil. '),(192,657,18,'Kiwai',7,1,43.55126953125,3.856445074081421,1,1,'C1.png','4 variétés de kiwais ont été planté mais il nous faut attendre les fruits pour les reconnaître : Mâle \'Weiki\', Purpuna sadowa, Issai (vert) et Ken\'s red.','2022-04-15 19:41:29.426940','2022-04-24 17:52:16.778931',NULL,NULL,'2019-11-24 00:00:00.000000',NULL,1,1,'Relativement ensoleillé. '),(193,81,18,'Cognassier',1,1,43.55121994018555,3.856386661529541,6,4,'T6.png',NULL,'2022-04-15 19:41:45.326522','2022-04-24 17:50:58.229671',NULL,2567,'2018-11-25 00:00:00.000000',NULL,1,9,'Ensoleillé mais partiellement protégé par un frêne qui l\'empêche d\'avoir le soleil du matin. '),(194,447,18,'Frêne (sauvage)',1,1,43.551204681396484,3.856398582458496,8,5,'T56.png',NULL,'2022-04-15 19:42:00.972235','2022-04-24 17:51:15.996956',NULL,NULL,NULL,NULL,1,NULL,'Plein soleil. '),(195,129,18,'Groseillier',3,1,43.551208739088025,3.856367826461792,2,1,'T24.png',NULL,'2022-04-15 19:42:17.940193','2022-04-27 10:45:34.936337',NULL,3641,'2018-11-25 00:00:00.000000',NULL,1,1,'Relativement ensoleillé. '),(196,129,18,'Groseillier',3,1,43.55119705200195,3.856372594833374,2,1,'T24.png',NULL,'2022-04-15 19:42:24.386303','2022-04-24 17:52:08.720715',NULL,3641,'2018-11-25 00:00:00.000000',NULL,1,1,'Relativement ensoleillé. '),(197,112,18,'Figuier',2,1,43.551212310791016,3.856349229812622,6,6,'T20.png','Arbre produit et offert par Xavier. ','2022-04-15 19:42:41.448218','2022-04-24 17:51:07.456957',NULL,NULL,'2018-11-25 00:00:00.000000',NULL,1,NULL,'Plein soleil. '),(198,657,18,'Kiwai',7,1,43.55122756958008,3.8565914630889893,1,1,'C1.png','4 variétés de kiwais ont été planté mais il nous faut attendre les fruits pour les reconnaître : Mâle \'Weiki\', Purpuna sadowa, Issai (vert) et Ken\'s red.','2022-04-15 19:43:35.787120','2022-04-24 17:52:45.337948',NULL,NULL,'2019-11-24 00:00:00.000000',NULL,1,1,'Bien ombragé.'),(199,657,18,'Kiwai',7,1,43.551212310791016,3.8565030097961426,1,1,'C1.png','4 variétés de kiwais ont été planté mais il nous faut attendre les fruits pour les reconnaître : Mâle \'Weiki\', Purpuna sadowa, Issai (vert) et Ken\'s red.','2022-04-15 19:43:41.491826','2022-04-24 17:52:52.626196',NULL,NULL,'2019-11-24 00:00:00.000000',NULL,1,1,'A l\'ombre de la végétation. '),(201,130,18,'Gr. à maquereau',3,1,43.55119705200195,3.856492757797241,2,1,'T24.png',NULL,'2022-04-15 19:44:27.971873','2022-04-24 17:51:31.891653',NULL,3542,'2018-11-25 00:00:00.000000',NULL,1,1,'A l\'ombre de la végétation. '),(202,70,18,'Cerisier',1,1,43.55118179321289,3.8564867973327637,6,5,'T10.png','Cerise jaune.','2022-04-15 19:44:51.389952','2022-04-24 17:50:32.254400',57,2381,'2018-11-25 00:00:00.000000',NULL,1,5,'Ensoleillé mais partiellement protégé par un arbre sauvage situé juste devant lui. '),(203,349,18,'Micocoulier de provence (sauvage)',1,1,43.55118942260742,3.856567621231079,15,10,'T29.png',NULL,'2022-04-15 19:47:23.967299','2022-04-24 17:53:09.970750',NULL,NULL,NULL,NULL,1,NULL,'Ensoleillé à partie de midi. '),(204,130,18,'Gr. à maquereau',3,1,43.551170349121094,3.856574296951294,2,1,'T24.png',NULL,'2022-04-15 19:47:40.188192','2022-04-24 17:51:38.540527',NULL,3528,'2018-11-25 00:00:00.000000',NULL,1,1,'A l\'ombre de la végétation. '),(205,130,18,'Gr. à maquereau',3,1,43.551177978515625,3.8565609455108643,2,1,'T24.png',NULL,'2022-04-15 19:48:02.592473','2022-04-24 17:51:35.011501',NULL,3564,'2018-11-25 00:00:00.000000',NULL,1,1,'A l\'ombre de la végétation. '),(206,657,18,'Kiwai',7,1,43.551239013671875,3.8565073013305664,1,1,'C1.png','4 variétés de kiwais ont été planté mais il nous faut attendre les fruits pour les reconnaître : Mâle \'Weiki\', Purpuna sadowa, Issai (vert) et Ken\'s red.','2022-04-15 19:48:21.187999','2022-04-24 17:52:29.716871',NULL,NULL,'2019-11-24 00:00:00.000000',NULL,1,1,'A l\'ombre de la végétation. '),(207,455,18,'Berbéris (Epine vinette)',3,1,43.5512580871582,3.8565776348114014,2,2,'T59.png',NULL,'2022-04-15 19:50:01.343916','2022-04-24 17:49:53.766835',NULL,NULL,'2019-11-24 00:00:00.000000',NULL,1,8,'A l\'ombre de la végétation. '),(208,193,19,'Noisetier',2,1,43.55128860473633,3.8565022945404053,4,4,'T21.png','A priori en provenance de la pépinière Talos, mais après recherche il ne fait que des rosiers. Je ne préfère donc ne rien noter. ','2022-04-15 19:50:20.745254','2022-04-24 18:02:11.163176',NULL,4105,'2019-11-24 00:00:00.000000',NULL,1,NULL,'Plein soleil mais végétation dense autour de lui qui lui a fait de l\'ombre lorsqu\'il était encore jeune. '),(209,92,19,'Cornouiller mâle',2,1,43.551292419433594,3.856477737426758,6,3,'T28.png',NULL,'2022-04-15 19:50:29.298476','2022-04-24 18:01:50.338900',NULL,NULL,'2019-11-24 00:00:00.000000',NULL,1,8,'Plein soleil mais végétation dense autour de lui qui lui a fait de l\'ombre lorsqu\'il était encore jeune. '),(210,229,20,'Pommier nain',2,1,43.55177307128906,3.856255292892456,3,3,'T11.png',NULL,'2022-04-16 07:59:53.440397','2022-04-24 18:09:20.916621',35,193,'2019-11-24 00:00:00.000000',NULL,1,2,'Plein soleil et bénéficie de l\'arrosage du potager. '),(211,229,20,'Pommier nain',2,1,43.55179214477539,3.8565006256103516,3,3,'T11.png',NULL,'2022-04-16 08:01:39.811165','2022-04-24 18:09:15.416317',35,1112,'2019-11-24 00:00:00.000000',NULL,1,2,'Plein soleil et bénéficie de l\'arrosage du potager. '),(212,214,20,'Pêcher',2,1,43.55173873901367,3.856454849243164,3,3,'T12.png',NULL,'2022-04-16 08:03:05.456427','2022-04-24 18:08:35.772038',NULL,4539,'2019-11-24 00:00:00.000000',NULL,1,3,'Bien ensoleillé et bénéficie de l\'arrosage du potager. '),(213,115,1,'Framboisier',3,1,43.551787043331274,3.8565551340579987,2,1,'T24.png','Remarque : il y a peut-être inversion sur le plan entre le framboisier Fallgold et le framboisier Sucré de Metz.','2022-04-16 08:04:31.038483','2022-04-28 05:39:09.008538',NULL,3902,'2019-11-24 00:00:00.000000',NULL,1,7,'Partiellement ombragé. '),(214,152,1,'Lavande fine',4,1,43.55179214477539,3.8565447330474854,90,90,'G4.png',NULL,'2022-04-16 08:06:36.474869','2022-04-24 17:56:58.520727',NULL,NULL,'2019-11-24 00:00:00.000000',NULL,1,1,'Plein soleil. '),(215,278,1,'Vigne 3',7,1,43.55181121826172,3.8565101623535156,6,3,'C9.png','Offert par Thomas.','2022-04-16 08:07:01.307078','2022-04-24 17:57:22.504902',NULL,NULL,'2019-04-13 00:00:00.000000','',1,NULL,'Plein soleil. '),(216,278,1,'Vigne 5',7,1,43.55180358886719,3.8565256595611572,6,3,'C9.png','Offert par Thomas.','2022-04-16 08:07:07.130018','2022-04-24 17:57:29.774462',NULL,NULL,'2019-04-13 00:00:00.000000','',1,NULL,'Plein soleil. '),(217,335,1,'Goji',7,1,43.55179977416992,3.856532573699951,2,3,'C8.png','','2022-04-16 08:07:38.425495','2022-04-24 17:55:31.995440',NULL,5085,'2019-11-24 00:00:00.000000','',1,2,'Plein soleil. '),(219,115,1,'Framboisier',3,1,43.551773750555995,3.8565679639577866,2,1,'T24.png','Remarque : il y a peut-être inversion sur le plan entre le framboisier Fallgold et le framboisier Sucré de Metz.','2022-04-16 08:11:34.543415','2022-04-28 05:39:07.216339',NULL,3935,'2019-11-24 00:00:00.000000',NULL,1,7,'Partiellement ombragé. '),(220,92,1,'Cornouiller mâle',2,1,43.55175018310547,3.8565785884857178,6,3,'T28.png',NULL,'2022-04-16 08:12:54.421352','2022-04-24 17:54:16.387074',NULL,NULL,'2019-11-24 00:00:00.000000',NULL,1,8,'Plein soleil.'),(221,401,1,'Ronce',3,1,43.551734924316406,3.8565926551818848,4,3,'T48.png',NULL,'2022-04-16 08:13:02.882889','2022-04-24 17:57:08.794358',NULL,5080,'2019-11-24 00:00:00.000000',NULL,1,1,'Plein soleil. '),(223,1,20,'Abricotier',2,1,43.551719665527344,3.8565964698791504,6,5,'T19.png',NULL,'2022-04-16 08:16:34.230139','2022-04-24 18:11:11.501291',1,10,'2018-11-25 00:00:00.000000',NULL,1,1,'Plein soleil et bénéficie partiellement de l\'arrosage du potager. '),(227,278,20,'Vigne',7,1,43.55171203613281,3.8565900325775146,6,3,'C9.png',NULL,'2022-04-16 08:47:10.721659','2022-04-24 18:11:02.765345',NULL,4884,'2018-11-25 00:00:00.000000',NULL,1,NULL,'Plein soleil et bénéficie partiellement de l\'arrosage du potager. '),(228,39,19,'Chèvrefeuille comestible',3,1,43.551292419433594,3.8564608097076416,1,1,'T21.png',NULL,'2022-04-17 09:05:03.398859','2022-04-24 18:01:09.106091',NULL,5114,'2019-11-24 00:00:00.000000',NULL,1,14,'Plein soleil mais à l\'ombre de la végétation. '),(229,429,19,'Viorne lantane',3,1,43.55129623413086,3.8564493656158447,5,4,'T51.png',NULL,'2022-04-17 09:06:10.915792','2022-04-24 18:02:32.678836',NULL,NULL,'2019-11-24 00:00:00.000000',NULL,1,8,'Plein soleil mais à l\'ombre de la végétation. '),(230,1,19,'Abricotier',2,1,43.551292419433594,3.8564305305480957,5,4,'T19.png','Pour le porte-greffe, il s\'agit peut-être d\'un franc d\'abricotier. ','2022-04-17 09:06:29.348997','2022-04-24 18:00:47.456522',9,2263,'2019-11-24 00:00:00.000000',NULL,1,12,'Plein soleil.'),(231,39,19,'Chèvrefeuille comestible',3,1,43.55127716064453,3.85642671585083,1,1,'T21.png',NULL,'2022-04-17 09:06:39.894266','2022-04-24 18:01:12.123107',NULL,5115,'2019-11-24 00:00:00.000000',NULL,1,14,'Plein soleil mais à l\'ombre de la végétation. '),(232,19,19,'Arbousier',2,1,43.551265716552734,3.8564255237579346,6,3,'T6.png',NULL,'2022-04-17 09:07:01.632713','2022-04-24 18:00:54.619068',NULL,NULL,'2019-11-24 00:00:00.000000',NULL,1,8,'Plein soleil.'),(233,193,19,'Noisetier',2,1,43.55125045776367,3.8564212322235107,4,4,'T21.png',NULL,'2022-04-17 09:07:17.325944','2022-04-24 18:02:23.248755',NULL,4099,'2018-11-25 00:00:00.000000',NULL,1,1,'Ensoleillé mais végétation dense autour de lui qui lui a fait de l\'ombre lorsqu\'il était encore jeune. '),(234,430,19,'Viorne obier',3,1,43.55124282836914,3.856424331665039,3,3,'T51.png',NULL,'2022-04-17 09:07:54.301265','2022-04-24 18:02:35.879057',NULL,NULL,'2019-11-24 00:00:00.000000',NULL,1,8,'Plein soleil mais à l\'ombre de la végétation. '),(235,39,19,'Chèvrefeuille comestible',3,1,43.55123519897461,3.856421947479248,1,1,'T21.png',NULL,'2022-04-17 09:08:00.191422','2022-04-24 18:01:14.724135',NULL,5113,'2019-11-24 00:00:00.000000',NULL,1,14,'Plein soleil mais à l\'ombre de la végétation. '),(236,624,3,'Sauge ananas',4,1,43.55187225341797,3.8566291332244873,115,100,'G16.png',NULL,'2022-04-17 09:10:50.299260','2022-04-24 17:10:40.924280',NULL,NULL,'2021-05-08 00:00:00.000000',NULL,1,10,'Plein soleil. '),(237,109,3,'Feijoa',2,1,43.551883697509766,3.856642007827759,5,5,'T6.png','Transplanté d\'un pot, offert par Elise. Le tronc principal a malheureusement été coupé avant réception (à priori pour le déplacement).','2022-04-17 09:13:00.143656','2022-04-24 17:10:00.207029',NULL,NULL,'2020-12-12 00:00:00.000000',NULL,1,NULL,'Plein soleil. '),(238,300,3,'Chalef de ebbing',3,1,43.551876068115234,3.8566532135009766,3,3,'T18.png',NULL,'2022-04-17 09:21:51.935656','2022-04-24 17:09:50.232868',NULL,NULL,'2021-05-08 00:00:00.000000',NULL,1,10,'Plein soleil.'),(239,214,3,'Pêcher',2,1,43.55188751220703,3.856663703918457,3,3,'T12.png','Arbre produit et offert par Ianni.','2022-04-17 09:22:12.176664','2022-04-24 17:10:37.377020',NULL,NULL,'2019-12-15 00:00:00.000000',NULL,1,NULL,'Plein soleil. '),(240,630,3,'Sauge sclarée (Vaticar white)',4,1,43.551883697509766,3.8566768169403076,80,50,'G16.png',NULL,'2022-04-17 09:22:28.802565','2022-04-24 17:11:07.804820',NULL,NULL,'2021-05-08 00:00:00.000000',NULL,1,10,'Plein soleil. '),(241,630,3,'Sauge sclarée',4,1,43.5518798828125,3.856673240661621,80,50,'G16.png',NULL,'2022-04-17 09:22:37.097049','2022-04-24 17:11:04.466649',NULL,NULL,'2021-05-08 00:00:00.000000',NULL,1,10,'Plein soleil. '),(242,648,3,'Sauge du Mexique (Purple vervet)',4,1,43.55187225341797,3.856666088104248,80,70,'G16.png',NULL,'2022-04-17 09:22:54.982382','2022-04-24 17:10:51.082927',NULL,NULL,'2021-05-08 00:00:00.000000',NULL,1,10,'Plein soleil. '),(243,648,3,'Sauge du Mexique',4,1,43.5518684387207,3.8566765785217285,80,70,'G16.png',NULL,'2022-04-17 09:24:42.191867','2022-04-24 17:10:44.586870',NULL,NULL,'2021-05-08 00:00:00.000000',NULL,1,10,'Plein soleil. '),(244,648,3,'Sauge du Mexique',4,1,43.551856994628906,3.856701612472534,80,70,'G16.png',NULL,'2022-04-17 09:27:08.473085','2022-04-24 17:10:47.621200',NULL,NULL,NULL,NULL,1,NULL,'Plein soleil. '),(247,137,3,'Hysope',4,1,43.551849365234375,3.8566837310791016,35,25,NULL,NULL,'2022-04-17 09:29:31.603631','2022-04-24 17:10:29.847929',NULL,NULL,'2021-05-08 00:00:00.000000',NULL,1,10,'Plein soleil. '),(248,137,3,'Hysope',4,1,43.55184555053711,3.8566911220550537,35,25,NULL,NULL,'2022-04-17 09:30:38.348428','2022-04-24 17:10:32.861680',NULL,NULL,'2021-05-08 00:00:00.000000',NULL,1,10,'Plein soleil. '),(249,115,3,'Framboisier',3,1,43.55185317993164,3.8566935062408447,2,1,'T24.png','Offert par Sylvie avant son déménagement en plein été. Le plant était plein sud sur sa terrasse à Montpellier. ','2022-04-17 09:30:49.951586','2022-04-24 17:10:10.276371',NULL,NULL,'2020-07-12 00:00:00.000000',NULL,1,NULL,'Plein soleil. '),(250,401,5,'Ronce (sauvage)',3,1,43.55189514160156,3.8567187786102295,4,3,'T48.png',NULL,'2022-04-17 09:32:15.431380','2022-04-17 09:32:48.176080',NULL,NULL,NULL,NULL,1,NULL,NULL),(251,401,5,'Ronce (sauvage)',3,1,43.551960885245194,3.8567311887963887,4,3,'T48.png',NULL,'2022-04-17 09:32:57.951550','2022-04-17 09:33:06.621888',NULL,NULL,NULL,NULL,1,NULL,NULL),(252,401,5,'Ronce (sauvage)',3,1,43.551971171513465,3.856684722030853,4,3,'T48.png',NULL,'2022-04-17 09:33:09.537374','2022-04-17 09:33:28.693012',NULL,NULL,NULL,NULL,1,NULL,NULL),(253,401,5,'Ronce (sauvage)',3,1,43.55199085260831,3.856590356058908,4,3,'T48.png',NULL,'2022-04-17 09:33:16.296110','2022-04-17 09:33:19.717707',NULL,NULL,NULL,NULL,1,NULL,NULL),(254,401,5,'Ronce (sauvage)',3,1,43.55198175942478,3.85663320353198,4,3,'T48.png',NULL,'2022-04-17 09:33:20.881944','2022-04-17 09:33:23.145868',NULL,NULL,NULL,NULL,1,NULL,NULL),(255,256,21,'Sureau noir',2,1,43.5518913269043,3.856741189956665,6,4,'T6.png',NULL,'2022-04-17 09:33:53.201072','2022-04-24 17:40:57.537233',NULL,NULL,'2019-11-24 00:00:00.000000',NULL,1,1,'A l\'ombre des ronces. '),(256,388,21,'Plaqueminier',1,1,43.55187225341797,3.856736183166504,9,8,'T32.png',NULL,'2022-04-17 09:34:39.880446','2022-04-24 17:40:06.807930',99,5130,'2018-11-25 00:00:00.000000',NULL,1,2,'A l\'ombre des ronces.'),(257,278,21,'Vigne',7,1,43.551849365234375,3.8567380905151367,6,3,'C9.png',NULL,'2022-04-17 09:43:37.220669','2022-04-24 17:41:34.726531',NULL,4881,'2021-03-13 00:00:00.000000',NULL,1,4,'Partiellement ensoleillé. '),(258,24,21,'Argousier',2,1,43.55183792114258,3.8567371368408203,4,3,'T5.png',NULL,'2022-04-17 09:44:01.827620','2022-04-24 17:38:15.792925',NULL,5159,'2018-11-25 00:00:00.000000',NULL,1,2,'Soleil à partir de midi.'),(259,278,21,'Vigne',7,1,43.55182647705078,3.8567354679107666,6,3,'C9.png',NULL,'2022-04-17 09:44:06.630070','2022-04-24 17:41:38.284002',NULL,NULL,'2021-03-13 00:00:00.000000',NULL,1,4,'Partiellement ensoleillé. '),(262,663,21,'Amélanchier de Lamarck',2,1,43.551815032958984,3.8567326068878174,5,3,'T6.png',NULL,'2022-04-17 09:51:04.920771','2022-04-24 17:37:41.091934',NULL,NULL,'2018-11-25 00:00:00.000000',NULL,1,1,'Soleil à partir de midi.'),(263,278,21,'Vigne',7,1,43.55179977416992,3.8567304611206055,6,3,'C9.png',NULL,'2022-04-17 09:51:21.384624','2022-04-26 10:28:14.601350',NULL,4948,'2021-03-13 00:00:00.000000',NULL,1,4,'Partiellement protégé du soleil par le frêne.'),(264,278,21,'Vigne',7,1,43.551780700683594,3.856729030609131,6,3,'C9.png',NULL,'2022-04-17 09:51:40.872500','2022-04-24 17:41:44.293169',NULL,4863,'2021-03-13 00:00:00.000000',NULL,1,4,'Partiellement ensoleillé. '),(265,447,21,'Frêne (sauvage)',1,1,43.55179214477539,3.8567373752593994,10,6,'T56.png',NULL,'2022-04-17 09:51:53.094903','2022-04-24 17:38:36.425930',NULL,NULL,NULL,NULL,1,NULL,'Plein soleil.'),(266,278,21,'Vigne',7,1,43.55175018310547,3.8567237854003906,6,3,'C9.png',NULL,'2022-04-17 10:05:32.151931','2022-04-24 17:41:48.288554',NULL,4902,'2021-03-13 00:00:00.000000',NULL,1,4,'Partiellement ensoleillé. '),(267,129,21,'Groseillier',3,1,43.55177307128906,3.8567144870758057,2,1,'T24.png',NULL,'2022-04-17 10:06:52.935722','2022-04-24 17:38:54.156125',NULL,3644,'2020-11-22 00:00:00.000000',NULL,1,1,'Soleil à partir de midi.'),(268,129,21,'Groseillier',3,1,43.5517692565918,3.8567142486572266,2,1,'T24.png',NULL,'2022-04-17 10:07:36.269345','2022-04-24 17:38:57.306859',NULL,3644,'2020-11-22 00:00:00.000000',NULL,1,1,'Soleil à partir de midi.'),(269,129,21,'Groseillier',3,1,43.551761627197266,3.85671329498291,2,1,'T24.png',NULL,'2022-04-17 10:07:43.470093','2022-04-24 17:39:00.333986',NULL,3644,'2020-11-22 00:00:00.000000',NULL,1,1,'Soleil à partir de midi.'),(270,129,21,'Groseillier',3,1,43.5517578125,3.856713056564331,2,1,'T24.png',NULL,'2022-04-17 10:07:56.004860','2022-04-24 17:39:03.088177',NULL,3641,'2020-11-22 00:00:00.000000',NULL,1,1,'Soleil à partir de midi.'),(271,129,21,'Groseillier',3,1,43.551753997802734,3.856712818145752,2,1,'T24.png',NULL,'2022-04-17 10:08:08.060892','2022-04-24 17:39:07.574408',NULL,3641,'2020-11-22 00:00:00.000000',NULL,1,1,'Soleil à partir de midi.'),(272,129,21,'Groseillier',3,1,43.55175018310547,3.856712579727173,2,1,'T24.png',NULL,'2022-04-17 10:08:10.513398','2022-04-24 17:39:11.286310',NULL,3641,'2020-11-22 00:00:00.000000',NULL,1,1,'Soleil à partir de midi.'),(273,229,21,'Pommier',2,1,43.551761627197266,3.8567256927490234,3,6,'T11.png',NULL,'2022-04-17 10:08:33.889220','2022-04-24 17:40:47.771358',30,1112,'2019-12-08 00:00:00.000000',NULL,1,3,'Soleil à partir de midi.'),(274,278,21,'Vigne',7,1,43.55174255371094,3.8567230701446533,6,3,'C9.png',NULL,'2022-04-17 10:09:36.318966','2022-04-24 17:41:51.152214',NULL,5181,'2021-03-13 00:00:00.000000',NULL,1,4,'Partiellement ensoleillé. '),(275,129,21,'Groseillier',3,1,43.55173873901367,3.856710195541382,2,1,'T24.png',NULL,'2022-04-17 10:12:13.126610','2022-04-24 17:39:14.439699',NULL,3661,'2020-11-22 00:00:00.000000',NULL,1,1,'Soleil à partir de midi.'),(276,447,21,'Frêne (sauvage)',1,1,43.551734924316406,3.85673451423645,10,6,'T56.png',NULL,'2022-04-17 10:12:22.211381','2022-04-24 17:38:39.559438',NULL,NULL,NULL,NULL,1,NULL,'Plein soleil.'),(277,129,21,'Groseillier',3,1,43.55173110961914,3.8567099571228027,2,1,'T24.png',NULL,'2022-04-17 10:12:44.002535','2022-04-24 17:39:17.963263',NULL,3661,'2020-11-22 00:00:00.000000',NULL,1,1,'Soleil à partir de midi.'),(278,22,21,'Aronia (Mélanocarpa Viking)',3,1,43.55173110961914,3.8567190170288086,2,1,'T15.png',NULL,'2022-04-17 10:13:06.939398','2022-04-24 17:38:26.077941',NULL,NULL,'2018-11-25 00:00:00.000000',NULL,1,1,'Soleil à partir de midi.'),(279,214,21,'Pêcher',2,1,43.55172348022461,3.8567087650299072,3,3,'T12.png',NULL,'2022-04-17 10:13:46.604638','2022-04-24 17:39:45.416772',NULL,4378,'2018-11-25 00:00:00.000000',NULL,1,1,'Soleil à partir de midi.'),(280,278,21,'Vigne',7,1,43.551719665527344,3.8567168712615967,6,3,'C9.png',NULL,'2022-04-17 10:15:56.320054','2022-04-24 17:41:53.891377',NULL,NULL,'2021-03-13 00:00:00.000000',NULL,1,4,'Partiellement ensoleillé. '),(281,550,21,'Amélanchier du canada',2,1,43.55170822143555,3.856715679168701,5,3,'T6.png',NULL,'2022-04-17 10:16:37.644575','2022-04-24 17:38:02.003941',NULL,5044,'2018-11-25 00:00:00.000000',NULL,1,2,'Soleil à partir de midi.'),(282,278,21,'Vigne',7,1,43.55168533325195,3.856710910797119,6,3,'C9.png',NULL,'2022-04-17 10:18:01.170979','2022-04-24 17:41:57.037206',NULL,NULL,'2021-03-13 00:00:00.000000',NULL,1,4,'Partiellement ensoleillé. '),(283,278,21,'Vigne',7,1,43.551673889160156,3.856708526611328,6,3,'C9.png',NULL,'2022-04-17 10:18:05.381824','2022-04-24 17:42:00.578605',NULL,NULL,'2021-03-13 00:00:00.000000',NULL,1,4,'Partiellement ensoleillé. '),(284,226,21,'Poirier',2,1,43.55160140991211,3.856689214706421,10,5,'T7.png',NULL,'2022-04-17 10:18:28.998239','2022-04-24 17:40:28.948473',51,1968,'2019-11-24 00:00:00.000000',NULL,1,12,'Soleil à partir de midi.'),(285,226,21,'Poirier',2,1,43.5516242980957,3.856694459915161,10,5,'T7.png',NULL,'2022-04-17 10:18:47.810989','2022-04-24 17:40:25.017598',51,5182,'2019-11-24 00:00:00.000000',NULL,1,12,'Soleil à partir de midi.'),(286,226,20,'Poirier',2,1,43.551666259765625,3.8566036224365234,4,3,'T7.png','Greffe double pour améliorer le pouvoir nanifiant du porte-greffe : cognassier de provence, puis poirier beurré hardy.','2022-04-17 10:53:56.423173','2022-04-24 18:09:03.612666',49,2005,'2019-11-24 00:00:00.000000',NULL,1,9,'Plein soleil et bénéficie de l\'arrosage du potager. '),(287,27,20,'Asiminier',2,1,43.55167007446289,3.8566102981567383,5,3,'T6.png',NULL,'2022-04-17 10:54:05.910439','2022-04-24 18:07:41.613163',NULL,NULL,'2019-11-24 00:00:00.000000',NULL,1,2,'A l\'ombre de la végétation et profite bien de l\'arrosage du potager. '),(288,86,5,'Consoude',4,1,43.55191064338213,3.8567040860652924,83,83,'G12.png',NULL,'2022-04-17 18:29:07.177589','2022-04-17 18:29:31.321585',NULL,NULL,'2019-11-24 00:00:00.000000',NULL,1,NULL,NULL),(289,86,5,'Consoude',4,1,43.55192565917969,3.8566980361938477,83,83,'G12.png',NULL,'2022-04-17 18:29:32.332327','2022-04-17 18:30:01.000244',NULL,NULL,'2019-11-24 00:00:00.000000',NULL,1,NULL,NULL),(290,214,4,'Pêcher',2,1,43.55194091796875,3.856250762939453,3,3,'T12.png',NULL,'2022-04-18 06:16:37.502535','2022-04-24 15:37:15.704701',NULL,4528,'2018-11-25 00:00:00.000000',NULL,1,1,'Plein soleil.'),(292,278,4,'Vigne',7,1,43.5519905090332,3.856210947036743,6,3,'C9.png',NULL,'2022-04-18 06:21:51.880563','2022-04-24 15:47:02.133519',NULL,5189,'2019-11-24 00:00:00.000000',NULL,1,4,'Ombragée.'),(293,129,3,'Groseillier',3,1,43.551876068115234,3.8566412925720215,2,1,'T24.png','Offert par Sylvie avant son déménagement en plein été. Le plant était plein sud sur sa terrasse à Montpellier. ','2022-04-18 06:32:53.416972','2022-04-24 17:10:25.281109',NULL,NULL,'2020-07-12 00:00:00.000000',NULL,1,NULL,'Plein soleil. '),(294,445,3,'Grande lavande, Aspic',4,1,43.551849365234375,3.8567047119140625,35,35,'G4.png',NULL,'2022-04-18 06:48:16.871419','2022-04-24 17:10:17.175875',NULL,NULL,NULL,NULL,1,NULL,'Plein soleil. '),(295,202,21,'Ortie',4,1,43.551658630371094,3.856703996658325,65,65,'G8.png','Transplantation en provenance du jardin de Véro et Rémi. ','2022-04-18 07:24:56.355115','2022-04-24 17:39:34.284565',NULL,NULL,'2020-04-18 00:00:00.000000',NULL,1,NULL,'Complètement à l\'ombre.'),(296,550,10,'Amélanchier du canada',2,1,43.55157470703125,3.8560469150543213,5,3,'T6.png',NULL,'2022-04-18 07:35:16.200212','2022-04-24 17:43:38.099025',NULL,NULL,'2018-11-25 00:00:00.000000',NULL,1,1,'A l\'ombre de la végétation.'),(297,228,14,'Poivrier de sichuan',3,1,43.551212310791016,3.856152057647705,5,2,'T27.png',NULL,'2022-04-18 07:55:41.024436','2022-04-24 17:48:31.543734',NULL,NULL,'2018-11-25 00:00:00.000000',NULL,1,2,'Plein soleil.'),(298,401,14,'Ronce (sauvage)',3,1,43.551212310791016,3.8562633991241455,4,3,'T48.png',NULL,'2022-04-18 07:57:41.192118','2022-04-27 10:33:54.393618',NULL,NULL,NULL,NULL,1,NULL,'Plein soleil. '),(299,231,15,'Prunier',2,1,43.55131149291992,3.8563003540039062,8,6,'T12.png',NULL,'2022-04-18 08:00:14.405333','2022-04-24 17:49:23.914663',74,4589,'2018-11-25 00:00:00.000000',NULL,1,9,'Bien ensoleillé en première partie de journée.'),(300,278,1,'Vigne 4',7,1,43.55180740356445,3.856518268585205,6,3,'C9.png','Offert par Thomas.','2022-04-19 07:46:09.878637','2022-04-24 17:57:26.372581',NULL,NULL,'2019-04-13 00:00:00.000000','',1,NULL,'Plein soleil. '),(301,115,16,'Framboisier',3,1,43.55133056640625,3.856334924697876,2,1,'T24.png',NULL,'2022-04-19 07:51:37.950380','2022-04-24 18:00:12.267602',NULL,3935,'2019-11-24 00:00:00.000000',NULL,1,1,'Plein soleil mais à l\'ombre de la végétation. '),(302,401,16,'Ronce sans épines',3,1,43.55141067504883,3.8565356731414795,4,3,'T48.png',NULL,'2022-04-19 08:02:01.536045','2022-04-24 17:58:54.084209',NULL,5081,'2019-11-24 00:00:00.000000',NULL,1,1,'Soleil à partir de midi. '),(303,664,9,'Lavandin',4,1,43.55180358886719,3.8562400341033936,80,80,NULL,'Offet par Rémi','2022-04-19 08:33:16.492143','2022-04-24 18:06:41.381918',NULL,NULL,'2019-11-24 00:00:00.000000',NULL,1,NULL,'Plein soleil.'),(304,664,9,'Lavandin',4,1,43.55179977416992,3.8562328815460205,80,80,NULL,'Offet par Rémi','2022-04-19 08:34:00.021882','2022-04-24 18:06:43.947482',NULL,NULL,'2019-11-24 00:00:00.000000',NULL,1,NULL,'Plein soleil.'),(305,664,9,'Lavandin',4,1,43.551815032958984,3.8562204837799072,80,80,NULL,'Offet par Rémi','2022-04-19 08:34:03.273679','2022-04-24 18:06:36.013971',NULL,NULL,'2019-11-24 00:00:00.000000',NULL,1,NULL,'Plein soleil.'),(307,664,9,'Lavandin',4,1,43.55181884765625,3.8562405109405518,80,80,NULL,'Offet par Rémi','2022-04-19 08:34:10.099128','2022-04-24 18:06:32.974956',NULL,NULL,'2019-11-24 00:00:00.000000',NULL,1,NULL,'Plein soleil.'),(308,664,9,'Lavandin',4,1,43.55180740356445,3.856248617172241,80,80,NULL,'Offet par Rémi','2022-04-19 08:34:48.508346','2022-04-24 18:06:38.857309',NULL,NULL,'2019-11-24 00:00:00.000000',NULL,1,NULL,'Plein soleil.'),(309,445,9,'Grande lavande, Aspic',4,1,43.551815032958984,3.856231689453125,35,35,'G4.png',NULL,'2022-04-19 08:37:31.236782','2022-04-24 18:05:45.776879',NULL,NULL,NULL,NULL,1,NULL,'Plein soleil. '),(310,445,9,'Grande lavande, Aspic',4,1,43.551822662353516,3.8562517166137695,50,50,'G4.png','Offerte par HPO','2022-04-19 08:38:09.635359','2022-04-24 18:05:42.847335',NULL,NULL,'2020-04-12 00:00:00.000000',NULL,1,NULL,'Plein soleil. '),(311,278,20,'Vigne',7,1,43.551788330078125,3.8565337657928467,6,3,'C9.png','Plantée par Thomas dans son potager','2022-04-19 08:45:59.319939','2022-04-24 18:10:44.710402',NULL,4926,'2019-11-24 00:00:00.000000',NULL,1,NULL,'Plein soleil et bénéficie de l\'arrosage du potager. '),(312,278,20,'Vigne',7,1,43.55177688598633,3.856539726257324,6,3,'C9.png','Plantée par Thomas dans son potager','2022-04-19 08:49:24.846318','2022-04-24 18:10:50.988682',NULL,4902,'2019-11-24 00:00:00.000000',NULL,1,NULL,'Plein soleil et bénéficie de l\'arrosage du potager. '),(313,214,20,'Pêcher',2,1,43.5517692565918,3.856529474258423,3,3,'T12.png',NULL,'2022-04-19 08:50:36.490559','2022-04-24 18:08:42.472056',69,4512,'2019-11-24 00:00:00.000000',NULL,1,12,'Plein soleil et bénéficie de l\'arrosage du potager. '),(314,278,20,'Vigne',7,1,43.55167007446289,3.85662579536438,3,2,'C9.png','','2022-04-19 08:53:03.576887','2022-04-24 18:11:25.116036',NULL,NULL,'2020-03-13 00:00:00.000000',NULL,1,4,'Plein soleil et bénéficie de l\'arrosage du potager. '),(315,278,20,'Vigne',7,1,43.551666259765625,3.8566272258758545,3,2,'C9.png','','2022-04-19 08:54:40.026737','2022-04-24 18:11:29.910702',NULL,NULL,'2020-03-13 00:00:00.000000',NULL,1,4,'Plein soleil et bénéficie de l\'arrosage du potager. '),(316,1,20,'Abricotier',2,1,43.5516357421875,3.856649398803711,6,5,'T19.png',NULL,'2022-04-19 08:55:10.127094','2022-04-24 18:08:00.789110',NULL,12,'2019-11-24 00:00:00.000000',NULL,1,1,'Plein soleil et bénéficie de l\'arrosage du potager. '),(317,214,20,'Pêcher',2,1,43.551673889160156,3.8566582202911377,3,3,'T12.png','Alberge jaune.','2022-04-19 08:56:39.716239','2022-04-28 05:57:04.747772',69,4375,'2019-11-24 00:00:00.000000',NULL,1,12,'Plein soleil et bénéficie de l\'arrosage du potager. '),(318,458,6,'Bambou Pseudosasa',3,1,43.55205154418945,3.8563930988311768,4,3,'T58.png','Transplantation l\'automne 2019, il s\'agit de rejets en provenance du jardin de Christophe. ','2022-04-24 16:25:27.300513','2022-04-24 16:26:23.428017',NULL,NULL,'2019-12-01 00:00:00.000000',NULL,1,NULL,'Zone d\'ombre sous les cyprès.'),(319,118,15,'Gattilier',2,1,43.551239013671875,3.856315851211548,4,2,'T30.png',NULL,'2022-04-27 10:33:20.221525','2022-04-27 10:34:42.900435',NULL,NULL,'2018-11-25 00:00:00.000000',NULL,1,2,'A l\'ombre de la végétation environnante qui est très dense. '),(320,658,NULL,'Myrtillier de Floride',3,1,43.55146789550781,3.8566668033599854,4,1,'T24.png','Remarque : il y a peut-être inversion sur le plan entre les deux myrtilliers de la guilde.','2022-04-28 06:11:52.519505','2022-04-28 06:15:23.351072',NULL,4040,'2021-12-15 00:00:00.000000',NULL,1,NULL,'A l\'ombre des frênes jusqu\'à midi. '),(321,183,NULL,'Myrtillier',3,1,43.551475524902344,3.856667995452881,2,1,'T24.png','Remarque : il y a peut-être inversion sur le plan entre les deux myrtilliers de la guilde.','2022-04-28 06:12:03.928251','2022-04-28 06:31:15.615006',NULL,4025,'2021-12-15 00:00:00.000000',NULL,1,NULL,'A l\'ombre des frênes jusqu\'à midi. '),(323,115,26,'Framboisier',3,1,43.55163253497183,3.856358624994755,2,1,'T24.png',NULL,'2022-04-28 06:21:38.838400','2022-04-28 06:31:48.742183',NULL,3918,'2020-12-15 00:00:00.000000',NULL,1,16,'Ensoleillé et bien arrosé au sein du potager d\'Olivier.'),(326,115,26,'Framboisier',3,1,43.55163751632041,3.856359507888555,2,1,'T24.png',NULL,'2022-04-28 06:31:33.083784','2022-04-28 06:31:50.321717',NULL,3918,'2020-12-15 00:00:00.000000',NULL,1,16,'Ensoleillé et bien arrosé au sein du potager d\'Olivier.'),(327,115,26,'Framboisier',3,1,43.55164866910688,3.8563622795045376,2,1,'T24.png',NULL,'2022-04-28 06:31:35.775994','2022-04-28 06:31:53.210880',NULL,3918,'2020-12-15 00:00:00.000000',NULL,1,16,'Ensoleillé et bien arrosé au sein du potager d\'Olivier.'),(328,115,26,'Framboisier',3,1,43.551643419894255,3.856361124664545,2,1,'T24.png',NULL,'2022-04-28 06:31:39.749168','2022-04-28 06:31:51.725075',NULL,3918,'2020-12-15 00:00:00.000000',NULL,1,16,'Ensoleillé et bien arrosé au sein du potager d\'Olivier.'),(329,115,26,'Framboisier',3,1,43.5516537953908,3.8563637286424637,2,1,'T24.png',NULL,'2022-04-28 06:31:41.950180','2022-04-28 06:31:54.945033',NULL,3918,'2020-12-15 00:00:00.000000',NULL,1,16,'Ensoleillé et bien arrosé au sein du potager d\'Olivier.'),(330,115,26,'Framboisier',3,1,43.55165906804328,3.856364779174328,2,1,'T24.png',NULL,'2022-04-28 06:31:55.738637','2022-04-28 06:31:58.976885',NULL,3918,'2020-12-15 00:00:00.000000',NULL,1,16,'Ensoleillé et bien arrosé au sein du potager d\'Olivier.'),(331,115,26,'Framboisier',3,1,43.551631927490234,3.856329917907715,2,1,'T24.png',NULL,'2022-04-28 06:33:16.355763','2022-04-28 06:33:50.254049',NULL,3883,'2020-12-15 00:00:00.000000',NULL,1,16,'Ensoleillé et bien arrosé au sein du potager d\'Olivier.'),(332,115,26,'Framboisier',3,1,43.551636179861255,3.8563243858516216,2,1,'T24.png',NULL,'2022-04-28 06:34:06.983004','2022-04-28 06:34:09.019278',NULL,3883,'2020-12-15 00:00:00.000000',NULL,1,16,'Ensoleillé et bien arrosé au sein du potager d\'Olivier.'),(333,115,26,'Framboisier',3,1,43.55164035904711,3.8563182316720486,2,1,'T24.png',NULL,'2022-04-28 06:34:19.397324','2022-04-28 06:34:29.183192',NULL,3883,'2020-12-15 00:00:00.000000',NULL,1,16,'Ensoleillé et bien arrosé au sein du potager d\'Olivier.'),(334,115,26,'Framboisier',3,1,43.55164526721071,3.8563124388456345,2,1,'T24.png',NULL,'2022-04-28 06:34:23.813935','2022-04-28 06:34:26.278999',NULL,3883,'2020-12-15 00:00:00.000000',NULL,1,16,'Ensoleillé et bien arrosé au sein du potager d\'Olivier.'),(335,214,26,'Pêcher',2,1,43.55161384797516,3.856349930167198,2,1,'T12.png',NULL,'2022-04-28 06:35:28.854152','2022-04-28 06:43:40.314015',NULL,5190,'2020-12-15 00:00:00.000000',NULL,1,NULL,'Ensoleillé et bien arrosé au sein du potager d\'Olivier.'),(336,214,26,'Pêcher',2,1,43.55165481567383,3.856333017349243,2,2,'T12.png',NULL,'2022-04-28 06:43:41.041912','2022-04-28 06:50:46.752423',NULL,5191,'2020-12-15 00:00:00.000000',NULL,1,NULL,'Ensoleillé et bien arrosé au sein du potager d\'Olivier.'),(337,278,26,'Vigne',7,1,43.55165100097656,3.8563039302825928,6,3,'C9.png',NULL,'2022-04-28 06:44:19.218920','2022-04-28 06:46:16.255891',NULL,4855,'2020-12-15 00:00:00.000000',NULL,1,NULL,'Ensoleillé et bien arrosé au sein du potager d\'Olivier.'),(338,70,26,'Cerisier',1,1,43.55166647788955,3.856310486793518,2,2,'T10.png',NULL,'2022-04-28 06:49:36.285901','2022-04-28 07:00:46.788294',NULL,5192,'2020-12-15 00:00:00.000000',NULL,1,NULL,'Ensoleillé et bien arrosé au sein du potager d\'Olivier.'),(339,70,26,'Cerisier',1,1,43.551672091585296,3.856337860226631,2,2,'T10.png',NULL,'2022-04-28 07:00:47.445485','2022-04-28 07:00:54.715311',NULL,5192,'2020-12-15 00:00:00.000000',NULL,1,NULL,'Ensoleillé et bien arrosé au sein du potager d\'Olivier.'),(340,1,26,'Abricotier',2,1,43.55168151855469,3.856355905532837,2,2,'T19.png',NULL,'2022-04-28 07:01:39.051318','2022-04-28 07:04:21.590082',NULL,21,'2020-12-15 00:00:00.000000',NULL,1,NULL,'Ensoleillé et bien arrosé au sein du potager d\'Olivier.');
/*!40000 ALTER TABLE `Plantations` ENABLE KEYS */;
UNLOCK TABLES;

--
-- Table structure for table `Projects`
--

DROP TABLE IF EXISTS `Projects`;
/*!40101 SET @saved_cs_client     = @@character_set_client */;
/*!40101 SET character_set_client = utf8 */;
CREATE TABLE `Projects` (
  `code` int(11) NOT NULL AUTO_INCREMENT,
  `name` longtext CHARACTER SET utf8mb4 NOT NULL,
  `latitude` double NOT NULL,
  `longitude` double NOT NULL,
  `zoom` int(11) NOT NULL,
  `description` varchar(2048) CHARACTER SET utf8mb4 DEFAULT NULL,
  `dtCreation` datetime(6) NOT NULL,
  `dtUpdate` datetime(6) NOT NULL,
  `drawPlantations` tinyint(1) NOT NULL,
  `showPlantationNames` tinyint(1) NOT NULL,
  `showPlantationVarieties` tinyint(1) NOT NULL,
  `autoDrawPlantations` tinyint(1) NOT NULL DEFAULT '0',
  `positionLocked` tinyint(1) NOT NULL DEFAULT '0',
  PRIMARY KEY (`code`)
) ENGINE=InnoDB AUTO_INCREMENT=2 DEFAULT CHARSET=latin1;
/*!40101 SET character_set_client = @saved_cs_client */;

--
-- Dumping data for table `Projects`
--

LOCK TABLES `Projects` WRITE;
/*!40000 ALTER TABLE `Projects` DISABLE KEYS */;
INSERT INTO `Projects` VALUES (1,'La Forêt Lattoise',43.55171585083008,3.8563621044158936,19,'Création d\'une forêt comestible de 5000m² sur Lattes.\r\nLe projet est géré par un petit collectif d\'une quinzaine de personnes fonctionnant sous les principes d\'une démocratie participative au consentement basé sur l\'action, le partage et le don.','2022-03-24 10:29:26.101243','2022-04-23 07:59:24.258137',0,0,0,1,1);
/*!40000 ALTER TABLE `Projects` ENABLE KEYS */;
UNLOCK TABLES;

--
-- Table structure for table `Shapes`
--

DROP TABLE IF EXISTS `Shapes`;
/*!40101 SET @saved_cs_client     = @@character_set_client */;
/*!40101 SET character_set_client = utf8 */;
CREATE TABLE `Shapes` (
  `code` int(11) NOT NULL AUTO_INCREMENT,
  `geometryType` longtext NOT NULL,
  `codeProject` int(11) NOT NULL,
  `dtCreation` datetime(6) NOT NULL,
  `dtUpdate` datetime(6) NOT NULL,
  `color` longtext NOT NULL,
  `coordinates` longtext NOT NULL,
  `fill` tinyint(1) NOT NULL DEFAULT '0',
  `fillColor` longtext,
  `fillOpacity` float DEFAULT NULL,
  `opacity` float NOT NULL DEFAULT '0',
  `radius` double DEFAULT NULL,
  `stroke` tinyint(1) NOT NULL DEFAULT '0',
  `weight` int(11) NOT NULL DEFAULT '0',
  `weightIsInFeet` tinyint(1) NOT NULL DEFAULT '0',
  PRIMARY KEY (`code`),
  KEY `IX_Shapes_codeProject` (`codeProject`),
  CONSTRAINT `FK_Shapes_Projects_codeProject` FOREIGN KEY (`codeProject`) REFERENCES `Projects` (`code`) ON DELETE CASCADE
) ENGINE=InnoDB AUTO_INCREMENT=117 DEFAULT CHARSET=utf8mb4;
/*!40101 SET character_set_client = @saved_cs_client */;

--
-- Dumping data for table `Shapes`
--

LOCK TABLES `Shapes` WRITE;
/*!40000 ALTER TABLE `Shapes` DISABLE KEYS */;
INSERT INTO `Shapes` VALUES (54,'LineString',1,'2022-04-15 10:31:31.613085','2022-04-15 10:31:31.613085','#ffc933','[[3.856362,43.551179],[3.856331,43.551209],[3.856329,43.551241],[3.856342,43.551294],[3.85632,43.55132],[3.856302,43.551329],[3.856286,43.551325],[3.856243,43.551299],[3.856216,43.551301],[3.856125,43.5513],[3.856087,43.551294],[3.856014,43.551312],[3.855974,43.551303]]',0,NULL,0.2,0.5,NULL,1,3,1),(57,'LineString',1,'2022-04-15 10:33:35.688219','2022-04-15 10:33:35.688219','#ffc933','[[3.856302,43.551331],[3.856358,43.551567],[3.85633,43.55159],[3.856128,43.551621],[3.856114,43.55158],[3.856113,43.551536],[3.856123,43.551498],[3.856139,43.551466],[3.856176,43.551421],[3.856203,43.551394],[3.856246,43.551363],[3.85628,43.551347],[3.856301,43.551335]]',0,NULL,0.2,0.5,NULL,1,3,1),(58,'LineString',1,'2022-04-15 10:33:47.998220','2022-04-15 10:33:47.998220','#ffc933','[[3.856199,43.551396],[3.856163,43.551395],[3.856118,43.551412],[3.856064,43.551409],[3.856045,43.551418]]',0,NULL,0.2,0.5,NULL,1,3,1),(59,'LineString',1,'2022-04-15 10:33:59.711021','2022-04-15 10:33:59.711021','#ffc933','[[3.856064,43.551409],[3.856048,43.551372],[3.856044,43.551356],[3.856027,43.551347],[3.856013,43.551312]]',0,NULL,0.2,0.5,NULL,1,3,1),(60,'LineString',1,'2022-04-15 10:35:11.825368','2022-04-15 10:35:11.825368','#ffc933','[[3.856343,43.551294],[3.856416,43.551316],[3.856538,43.551324],[3.856587,43.551355],[3.856627,43.551439],[3.856643,43.551552],[3.856391,43.551581],[3.856358,43.551567]]',0,NULL,0.2,0.5,NULL,1,3,1),(61,'LineString',1,'2022-04-15 10:35:34.191623','2022-04-15 10:35:34.191623','#ffc933','[[3.85639,43.551582],[3.856364,43.551608],[3.856331,43.551591]]',0,NULL,0.2,0.5,NULL,1,3,1),(62,'LineString',1,'2022-04-15 10:36:12.629030','2022-04-15 10:36:12.629030','#ffc933','[[3.856364,43.551608],[3.85642,43.551829],[3.856382,43.551834],[3.856334,43.551831],[3.856284,43.551824],[3.856233,43.551809],[3.856177,43.551784],[3.856128,43.551621]]',0,NULL,0.2,0.5,NULL,1,3,1),(63,'LineString',1,'2022-04-15 10:37:03.458464','2022-04-15 10:37:19.611065','#ffc933','[[3.856643,43.551553],[3.856664,43.551633],[3.856687,43.55167],[3.856687,43.551682],[3.856638,43.551687],[3.85661,43.55171],[3.856581,43.551759],[3.856548,43.551793],[3.8565,43.551821],[3.856463,43.551826],[3.85642,43.551829]]',0,NULL,0.2,0.5,NULL,1,3,1),(64,'LineString',1,'2022-04-15 10:38:48.858553','2022-04-15 10:38:48.858553','#ffc933','[[3.856689,43.551682],[3.856702,43.551746],[3.856715,43.551836],[3.856713,43.551872],[3.856662,43.551908],[3.856635,43.551924],[3.856609,43.551928],[3.856582,43.551924],[3.856544,43.55193],[3.856514,43.551941],[3.856485,43.551944],[3.856464,43.551929],[3.85646,43.551898],[3.856466,43.551886],[3.856461,43.551865],[3.856455,43.551826]]',0,NULL,0.2,0.5,NULL,1,3,1),(65,'LineString',1,'2022-04-15 10:39:50.330966','2022-04-15 10:39:50.330966','#ffc933','[[3.856656,43.55191],[3.856629,43.551887],[3.856612,43.551872],[3.856582,43.551886],[3.856546,43.551884],[3.856515,43.55188],[3.856464,43.551877]]',0,NULL,0.2,0.5,NULL,1,3,1),(66,'LineString',1,'2022-04-15 10:43:26.338807','2022-04-15 10:43:26.338807','#ffc933','[[3.856612,43.551872],[3.856597,43.551851],[3.856596,43.551828],[3.856605,43.551815],[3.856632,43.5518],[3.856651,43.551811],[3.856662,43.551841],[3.856636,43.551854],[3.856612,43.551873]]',0,NULL,0.2,0.5,NULL,1,3,1),(67,'LineString',1,'2022-04-15 10:44:42.420602','2022-04-15 10:44:42.420602','#ffc933','[[3.856662,43.551841],[3.856687,43.551832],[3.856711,43.551807]]',0,NULL,0.2,0.5,NULL,1,3,1),(68,'LineString',1,'2022-04-15 10:45:28.432345','2022-04-15 10:45:28.432345','#ffc933','[[3.856484,43.551944],[3.856424,43.551959],[3.85638,43.551963],[3.856304,43.551958],[3.856235,43.551952],[3.856211,43.551894],[3.856195,43.551847],[3.856178,43.551785]]',0,NULL,0.2,0.5,NULL,1,3,1),(69,'LineString',1,'2022-04-15 10:45:41.355000','2022-04-15 10:45:41.355000','#ffc933','[[3.856234,43.551952],[3.856236,43.551984]]',0,NULL,0.2,0.5,NULL,1,3,1),(70,'LineString',1,'2022-04-15 10:48:10.785919','2022-04-15 10:48:10.785919','#ffc933','[[3.856528,43.551936],[3.856557,43.55201],[3.856552,43.552017],[3.856438,43.552036],[3.856392,43.552038],[3.856364,43.552037],[3.856365,43.552],[3.856371,43.551975],[3.856369,43.551962]]',0,NULL,0.2,0.5,NULL,1,3,1),(71,'LineString',1,'2022-04-15 10:48:25.513668','2022-04-15 10:48:25.513668','#ffc933','[[3.856364,43.552037],[3.856346,43.552048]]',0,NULL,0.2,0.5,NULL,1,3,1),(72,'LineString',1,'2022-04-15 10:48:47.833083','2022-04-15 10:48:47.833083','#ffc933','[[3.85643,43.551957],[3.856422,43.55193],[3.856409,43.551903],[3.856461,43.551894]]',0,NULL,0.2,0.5,NULL,1,3,1),(73,'LineString',1,'2022-04-15 10:48:57.587583','2022-04-15 10:48:57.587583','#ffc933','[[3.856409,43.551903],[3.856394,43.551869],[3.856382,43.551835]]',0,NULL,0.2,0.5,NULL,1,3,1),(74,'LineString',1,'2022-04-15 10:49:17.867388','2022-04-15 10:49:17.867388','#ffc933','[[3.856382,43.551835],[3.856351,43.551855],[3.856334,43.551875],[3.856329,43.551889],[3.856318,43.551893],[3.856251,43.551901],[3.856217,43.55191]]',0,NULL,0.2,0.5,NULL,1,3,1),(75,'LineString',1,'2022-04-15 10:49:29.293484','2022-04-15 10:49:29.293484','#ffc933','[[3.856333,43.55196],[3.856338,43.551907],[3.856327,43.551891]]',0,NULL,0.2,0.5,NULL,1,3,1),(76,'LineString',1,'2022-04-15 10:49:35.773996','2022-04-15 10:49:35.773996','#ffc933','[[3.856338,43.551908],[3.856386,43.551909],[3.856409,43.551903]]',0,NULL,0.2,0.5,NULL,1,3,1),(77,'LineString',1,'2022-04-15 10:50:14.385841','2022-04-15 10:50:14.385841','#ffc933','[[3.856622,43.551804],[3.856605,43.551788],[3.856577,43.551762]]',0,NULL,0.2,0.5,NULL,1,3,1),(78,'LineString',1,'2022-04-15 10:50:37.783992','2022-04-15 10:50:37.783992','#ffc933','[[3.856703,43.551755],[3.856665,43.551751],[3.856647,43.55174],[3.856619,43.55175],[3.85658,43.551759]]',0,NULL,0.2,0.5,NULL,1,3,1),(79,'LineString',1,'2022-04-15 10:52:33.389031','2022-04-15 10:52:33.389031','#ffc933','[[3.856478,43.551315],[3.85653,43.551289],[3.856547,43.551262],[3.856532,43.551162]]',0,NULL,0.2,0.5,NULL,1,10,1),(80,'LineString',1,'2022-04-15 10:54:00.275071','2022-04-15 10:54:00.275071','#ffc933','[[3.856472,43.551254],[3.856453,43.551165]]',0,NULL,0.2,0.5,NULL,1,10,1),(82,'LineString',1,'2022-04-15 10:56:20.133933','2022-04-15 10:56:20.133933','#ffc933','[[3.856011,43.551313],[3.855995,43.551328]]',0,NULL,0.2,0.5,NULL,1,2,1),(83,'LineString',1,'2022-04-15 10:56:28.442670','2022-04-15 10:56:28.442670','#ffc933','[[3.856139,43.551408],[3.85616,43.551438]]',0,NULL,0.2,0.5,NULL,1,2,1),(84,'LineString',1,'2022-04-15 10:56:51.325427','2022-04-15 10:56:51.325427','#ffc933','[[3.856325,43.55144],[3.856276,43.55147],[3.856238,43.551499]]',0,NULL,0.2,0.5,NULL,1,2,1),(85,'LineString',1,'2022-04-15 10:56:57.952595','2022-04-15 10:56:57.952595','#ffc933','[[3.856125,43.55162],[3.856042,43.551629]]',0,NULL,0.2,0.5,NULL,1,2,1),(86,'LineString',1,'2022-04-15 10:57:08.182810','2022-04-15 10:57:08.182810','#ffc933','[[3.856391,43.551735],[3.856353,43.551733],[3.856264,43.551711],[3.856253,43.55172],[3.856165,43.551723]]',0,NULL,0.2,0.5,NULL,1,2,1),(87,'LineString',1,'2022-04-15 10:57:26.508828','2022-04-15 10:57:26.508828','#ffc933','[[3.8564,43.55176],[3.856319,43.551764],[3.856251,43.551748],[3.856163,43.551723]]',0,NULL,0.2,0.5,NULL,1,2,1),(88,'LineString',1,'2022-04-15 10:57:51.016482','2022-04-15 10:57:51.016482','#ffc933','[[3.856219,43.551801],[3.856242,43.551781],[3.856288,43.551782],[3.856317,43.551764]]',0,NULL,0.2,0.5,NULL,1,2,1),(89,'LineString',1,'2022-04-15 10:57:54.814179','2022-04-15 10:57:54.814179','#ffc933','[[3.856243,43.55178],[3.856238,43.551746]]',0,NULL,0.2,0.5,NULL,1,2,1),(90,'LineString',1,'2022-04-15 10:58:10.149155','2022-04-15 10:58:10.149155','#ffc933','[[3.856276,43.551602],[3.85628,43.551627]]',0,NULL,0.2,0.5,NULL,1,2,1),(91,'LineString',1,'2022-04-15 10:58:43.720792','2022-04-15 10:58:43.720792','#ffc933','[[3.856402,43.551723],[3.856447,43.551713],[3.856447,43.551699],[3.856492,43.551681],[3.85651,43.551691],[3.85655,43.551667],[3.856574,43.551652],[3.856594,43.551659],[3.856614,43.551704],[3.85663,43.551718],[3.856648,43.551731],[3.856646,43.551742]]',0,NULL,0.2,0.5,NULL,1,2,1),(92,'LineString',1,'2022-04-15 10:58:50.864035','2022-04-15 10:58:50.864035','#ffc933','[[3.856595,43.551658],[3.856662,43.55164]]',0,NULL,0.2,0.5,NULL,1,2,1),(93,'LineString',1,'2022-04-15 10:59:00.407557','2022-04-15 10:59:05.306597','#ffc933','[[3.856589,43.551655],[3.856589,43.551611],[3.856587,43.551579],[3.856581,43.55156]]',0,NULL,0.2,0.5,NULL,1,2,1),(94,'LineString',1,'2022-04-15 10:59:42.767603','2022-04-15 11:00:29.031322','#ffc933','[[3.856408,43.551766],[3.856474,43.551748],[3.856456,43.551717],[3.856447,43.551712]]',0,NULL,0.2,0.5,NULL,1,2,1),(95,'LineString',1,'2022-04-15 11:00:04.940509','2022-04-15 11:00:29.031323','#ffc933','[[3.856474,43.551748],[3.856514,43.551728],[3.856544,43.551706],[3.856565,43.551692],[3.856601,43.551716]]',0,NULL,0.2,0.5,NULL,1,2,1),(96,'LineString',1,'2022-04-15 11:01:00.104894','2022-04-15 11:01:00.104894','#ffc933','[[3.856677,43.551902],[3.856687,43.55191],[3.856707,43.551918],[3.856729,43.551943]]',0,NULL,0.2,0.5,NULL,1,2,1),(97,'LineString',1,'2022-04-15 11:01:05.585254','2022-04-15 11:01:05.585254','#ffc933','[[3.856712,43.551922],[3.856739,43.551911]]',0,NULL,0.2,0.5,NULL,1,2,1),(98,'LineString',1,'2022-04-15 11:01:13.372925','2022-04-15 11:01:13.372925','#ffc933','[[3.856685,43.551909],[3.856685,43.551931],[3.856658,43.551947]]',0,NULL,0.2,0.5,NULL,1,2,1),(99,'LineString',1,'2022-04-15 11:01:29.230119','2022-04-15 11:01:29.230119','#ffc933','[[3.856544,43.551933],[3.856562,43.551965],[3.856604,43.551954],[3.85662,43.551951],[3.856625,43.551939],[3.856623,43.551929]]',0,NULL,0.2,0.5,NULL,1,2,1),(100,'LineString',1,'2022-04-15 11:01:44.285332','2022-04-15 11:01:44.285332','#ffc933','[[3.856561,43.552006],[3.85658,43.552013],[3.856698,43.55199],[3.856737,43.551982]]',0,NULL,0.2,0.5,NULL,1,2,1),(101,'LineString',1,'2022-04-15 11:01:53.865613','2022-04-15 11:01:53.865613','#ffc933','[[3.856463,43.551953],[3.85647,43.551968]]',0,NULL,0.2,0.5,NULL,1,2,1),(102,'LineString',1,'2022-04-15 11:02:11.396329','2022-04-15 11:02:11.396329','#ffc933','[[3.856232,43.551986],[3.856206,43.552003],[3.856184,43.552019],[3.856176,43.552042],[3.856164,43.552056],[3.856158,43.552065]]',0,NULL,0.2,0.5,NULL,1,2,1),(103,'LineString',1,'2022-04-15 11:02:25.265457','2022-04-15 11:02:25.265457','#ffc933','[[3.856205,43.551892],[3.856144,43.551914],[3.856083,43.551937]]',0,NULL,0.2,0.5,NULL,1,2,1),(104,'LineString',1,'2022-04-15 11:02:49.666059','2022-04-15 11:02:49.666059','#ffc933','[[3.85605,43.551364],[3.856116,43.551344],[3.856146,43.551323],[3.85617,43.551307]]',0,NULL,0.2,0.5,NULL,1,2,1),(105,'LineString',1,'2022-04-15 11:03:08.305795','2022-04-15 11:03:08.305795','#ffc933','[[3.856013,43.551308],[3.856009,43.551282],[3.856039,43.551255],[3.856015,43.551223]]',0,NULL,0.2,0.5,NULL,1,2,1),(106,'LineString',1,'2022-04-15 11:03:16.177874','2022-04-15 11:03:16.177874','#ffc933','[[3.85604,43.551255],[3.856074,43.551255],[3.856103,43.551275],[3.856103,43.551296]]',0,NULL,0.2,0.5,NULL,1,2,1),(107,'LineString',1,'2022-04-15 11:03:31.415289','2022-04-15 11:03:31.415289','#ffc933','[[3.856641,43.551499],[3.856654,43.551493],[3.856647,43.551461]]',0,NULL,0.2,0.5,NULL,1,2,1),(108,'LineString',1,'2022-04-15 11:06:08.777193','2022-04-15 11:06:08.777193','#ffc933','[[3.856118,43.551503],[3.856074,43.551477],[3.856059,43.551461],[3.856033,43.551445]]',0,NULL,0.2,0.5,NULL,1,2,1),(109,'LineString',1,'2022-04-15 11:07:44.551593','2022-04-15 11:07:44.551593','#ffc933','[[3.855473,43.551231],[3.856983,43.551123]]',0,NULL,0.2,0.5,NULL,1,10,1),(111,'Polygon',1,'2022-04-15 11:09:36.340794','2022-04-15 11:09:36.340794','#3388ff','[[[3.856069,43.551456],[3.85606,43.55145],[3.856059,43.551438],[3.856055,43.551431],[3.856058,43.551419],[3.856063,43.551415],[3.856097,43.551419],[3.856111,43.55142],[3.856111,43.551425],[3.856126,43.551426],[3.856129,43.551437],[3.856125,43.551443],[3.85612,43.55145],[3.856114,43.551455],[3.856112,43.551464],[3.856107,43.551469],[3.856093,43.551471],[3.856086,43.551473],[3.856077,43.551469],[3.856076,43.551463],[3.856069,43.551456]]]',1,NULL,0.8,0.5,NULL,1,4,0),(112,'Polygon',1,'2022-04-15 11:12:04.917877','2022-04-15 11:12:30.219137','#3388ff','[[[3.856624,43.551792],[3.856619,43.551785],[3.856619,43.551778],[3.856627,43.551766],[3.856636,43.551763],[3.856655,43.551766],[3.856682,43.551778],[3.856686,43.551784],[3.856687,43.551793],[3.856677,43.551802],[3.856655,43.551822],[3.856645,43.551833],[3.856633,43.551837],[3.856624,43.551834],[3.856616,43.551825],[3.856614,43.551819],[3.856624,43.551811],[3.856631,43.551808],[3.856639,43.551812],[3.856642,43.551818],[3.856649,43.551816],[3.856663,43.551802],[3.856665,43.551794],[3.856663,43.551787],[3.856654,43.551784],[3.856642,43.551786],[3.856633,43.551788],[3.856628,43.551791],[3.856624,43.551792]]]',1,NULL,0.8,0.5,NULL,1,4,0),(113,'LineString',1,'2022-04-17 09:25:50.401854','2022-04-17 09:25:50.401854','#ffc933','[[3.856685,43.551886],[3.856651,43.551851]]',0,NULL,0.2,0.5,NULL,1,2,1),(114,'LineString',1,'2022-04-17 09:26:04.573454','2022-04-17 09:26:04.573454','#ffc933','[[3.856695,43.551879],[3.856663,43.551845]]',0,NULL,0.2,0.5,NULL,1,2,1),(115,'LineString',1,'2022-04-17 09:34:15.958480','2022-04-17 09:34:15.958480','#ffc933','[[3.856716,43.551874],[3.856741,43.551877],[3.856743,43.551882]]',0,NULL,0.2,0.5,NULL,1,2,1),(116,'LineString',1,'2022-04-17 10:24:32.527058','2022-04-17 10:24:32.527058','#ffc933','[[3.856598,43.55116],[3.856609,43.551222]]',0,NULL,0.2,0.5,NULL,1,10,1);
/*!40000 ALTER TABLE `Shapes` ENABLE KEYS */;
UNLOCK TABLES;

--
-- Table structure for table `__EFMigrationsHistory`
--

DROP TABLE IF EXISTS `__EFMigrationsHistory`;
/*!40101 SET @saved_cs_client     = @@character_set_client */;
/*!40101 SET character_set_client = utf8 */;
CREATE TABLE `__EFMigrationsHistory` (
  `MigrationId` varchar(150) NOT NULL,
  `ProductVersion` varchar(32) NOT NULL,
  PRIMARY KEY (`MigrationId`)
) ENGINE=InnoDB DEFAULT CHARSET=utf8mb4;
/*!40101 SET character_set_client = @saved_cs_client */;

--
-- Dumping data for table `__EFMigrationsHistory`
--

LOCK TABLES `__EFMigrationsHistory` WRITE;
/*!40000 ALTER TABLE `__EFMigrationsHistory` DISABLE KEYS */;
INSERT INTO `__EFMigrationsHistory` VALUES ('20210521034408_Init','6.0.1'),('20220319073127_Settings','6.0.1'),('20220320111204_AddPlantationsAttributes','6.0.1'),('20220320173149_ReplaceCodeVegetableByCodePlant','6.0.1'),('20220321121153_AddCodeNursery','6.0.1'),('20220321175206_Shapes','6.0.1'),('20220322142452_ReplaceFloatByDouble','6.0.1'),('20220414103546_AutoDrawingPlantations','6.0.1'),('20220415085706_ShapesWithoutGeoJson','6.0.1'),('20220420083226_LockProjectPosition','6.0.1'),('20220420085014_AddLocationDescription','6.0.1'),('20220420150727_AddPlantationHistory','6.0.1'),('20220422052622_AddPhotoHistory','6.0.1');
/*!40000 ALTER TABLE `__EFMigrationsHistory` ENABLE KEYS */;
UNLOCK TABLES;
/*!40103 SET TIME_ZONE=@OLD_TIME_ZONE */;

/*!40101 SET SQL_MODE=@OLD_SQL_MODE */;
/*!40014 SET FOREIGN_KEY_CHECKS=@OLD_FOREIGN_KEY_CHECKS */;
/*!40014 SET UNIQUE_CHECKS=@OLD_UNIQUE_CHECKS */;
/*!40101 SET CHARACTER_SET_CLIENT=@OLD_CHARACTER_SET_CLIENT */;
/*!40101 SET CHARACTER_SET_RESULTS=@OLD_CHARACTER_SET_RESULTS */;
/*!40101 SET COLLATION_CONNECTION=@OLD_COLLATION_CONNECTION */;
/*!40111 SET SQL_NOTES=@OLD_SQL_NOTES */;

-- Dump completed on 2022-04-28  7:29:54
